X,Y,R Flux,B Flux,V Flux
290.50135112966154,1021.26554015291,0.6023357141766097,3.50200794820367,0.0880377444168769
87.49934132921352,1017.9713331385096,1.3076220291196288,0.0767796233095248,0.400265911162857
655.4488581968699,1016.1235522386932,1.1725416357997631,3.372528057896623,0.4995875409260527
704.8424292061158,1019.9279712955288,1.6285371315631705,0.0975936925400084,0.5141685387800107
347.30930699787655,80.10206050496117,1.780789326477241,0.1017314951930838,0.5276690918296713
420.0896379253656,220.35188729218336,1.6596109935060994,0.1717852134566243,0.5918698103354973
1.130811195202045,340.1823177193262,9.95982125570936,0.1919230937306278,0.6030101642633614
436.4979234461658,113.53518427644828,1.6712122038057344,1.5607013283521909,0.6198413454801076
550.0939422735374,175.98721435804725,2.3020982333255047,2.0739775676562187,0.6287217823952777
581.1566594175508,114.38363381286098,1.9383997077221105,2.104794596674456,0.6645091947993547
383.29751845070246,990.4938660308828,29.239496679659755,0.8666687590979674,0.6741697859904315
1022.808816484092,19.537167093452474,17.890635061457406,9.642475217047744,0.6836247582331538
645.8891880556646,39.674072561929535,29.432822185269625,0.1733039800608751,0.6877626501897955
927.2964876398296,46.77055025132663,29.095255151486995,0.2051919789389495,0.73220513938073
731.362965750688,299.0690827558543,21.650611272054235,0.1505403983411655,0.7486322344117575
860.3182882832986,276.9127232308597,2.2033764377235414,0.1453723676791555,0.7773395241533547
35.21489573621789,308.9259745893744,2.6097239985388696,0.1709155699688857,0.777610910645262
144.18019009460946,248.81898624542768,2.394182230354896,1.4097555692737167,0.7854299120173569
697.4032480134316,113.10261638695216,1.9465204590124807,9.090034895762674,0.7925470132422512
103.0657566195672,389.1857904180878,2.313663853719042,0.1583796435278453,0.805325656201008
484.71983810057617,1003.599354581505,2.7344524469668308,3.830589723365661,0.8109717005271883
834.6714761526747,917.4435950958484,35.59133321531259,3.654503489118912,0.8135632717962294
1006.8144137099164,620.8858413673868,30.15324110436182,0.1853829401698152,0.8187998455484885
613.8886932120316,260.8043167055018,2.425601880823908,0.5139717156610236,0.8394388861034209
25.58605564290501,348.3950243355852,27.729410092402045,0.1883485224343986,0.8454533006939395
709.4271441020098,825.557335803713,1.934736149876687,0.6858595180490843,0.8482905290964279
726.1020938318493,332.12860582025326,40.30577104240232,5.288040954062577,0.8530608574229284
932.3390907949484,13.132760219888484,2.180412483035121,0.1847571811482303,0.8696346950268354
1018.3152324754292,192.81844735999007,54.27188013278453,0.1877632114642453,0.875608380150491
1005.2752735149916,30.09382275034441,17.63910576484361,10.8646968072779,0.8891455574931109
286.976450544552,278.457883024256,2.8070200058923627,2.854888016059084,0.8935195815630397
232.72681285087052,192.84554679737215,37.16275584515155,0.1325140373165469,0.9149785953886568
177.46325449747255,147.11456423044638,27.67366266345294,0.25652270573387,0.9302550138788436
266.4266554984775,882.3450272332342,51.83539756742445,1.455180709505447,0.9481136189948998
4.025084341866542,768.3342198222364,2.152326581624022,1.9574831447499583,0.9769866301786918
940.505393908644,921.9873050970252,53.32819826713678,0.2544873804309866,0.9907222606859062
447.3254083110985,346.00813621739564,2.249433366307715,7.870861781670384,0.996401712111596
71.5731187273574,165.60828322594278,3.641190404124003,0.2687830771972799,1.0427592515336044
912.1790858564526,981.4698950109604,31.043531633359137,0.2967740655082885,1.0649762672296523
1018.9600706125998,208.6641553560256,54.84899206899713,0.183998127741284,1.089023098600966
166.37205332450358,979.0680371385768,3.4589518536718127,3.4324370456387,1.1191159935499482
878.1083796864039,165.27728332492387,30.28633641241314,4.638219870080316,1.1218197690852267
526.3975417084486,108.08683184451272,3.027250787040539,0.1836303484594311,1.125415003792986
924.095579481628,912.013866453167,67.44615922756876,0.3503151830340478,1.1267673782186234
665.6166336177356,843.4024785042241,17.273892435396792,0.2689858606034868,1.1456650696842732
97.80668589837964,99.82396064918706,48.96533099268522,0.2186762071493704,1.195218351006377
33.13310306906776,134.91252843962695,35.1319372979865,0.2531611552733085,1.1962337656869455
112.44492548304756,135.6909067164076,69.1728589745135,0.2150533367043541,1.256727055100434
21.5581923834876,131.212002738742,35.36929254854941,0.2698101167950467,1.2901385718296252
858.4303977778773,240.4547900122617,40.00328399794167,0.2026976219172981,1.311070787832752
605.0111930874381,239.03375114612595,4.8861827325026095,3.405676367916506,1.3176502972845856
607.6530947322545,175.74946487464922,33.01314977976693,3.900478088190435,1.3205112133051933
895.9119220742832,987.0597881279288,26.658326132532583,0.2984752491230502,1.3333725127205438
254.99348132043832,698.0326546722891,3.5439864382114408,0.3605738585507849,1.352627358087367
111.69139488969094,754.2607561728374,3.778740986219799,0.2236582349508132,1.3784507005026203
159.0117945774603,206.38867104196552,31.039181589287697,0.3055153543703144,1.3785359824679724
319.3536894819558,250.76303378773056,53.25697996797636,3.5779748408597407,1.4875937488789988
244.88879921942072,697.8152495495871,3.680474187502567,0.3582379217150151,1.5221567559271532
148.31108775367525,848.3108021601993,65.39356269647462,0.5322846181923709,1.9297767930198797
933.057627097529,739.8123245918692,58.338317839024135,7.397549607371366,1.9368986284274636
147.20630843154927,825.1261897993672,45.76938666780939,4.778464678578774,1.9730831885452689
350.4768067515551,324.9469207633816,5.0170917115404565,6.149066685188091,2.1964093100120348
151.53591625339567,817.997948241884,17.51659568406091,9.244503700776196,2.9652401732677256
979.3129636713038,441.936605257897,62.62794634492548,2.277332786837183,3.0424315567496367
348.27362749634204,914.340730017761,5.883241675024421,5.861367689251376,3.056403025604231
474.853195454976,64.3793566248343,36.74838474896837,8.06094687586155,3.3369588305979203
1015.954413775902,554.8475189421497,33.274108430422565,8.482301521644857,4.2596418803116425
747.6105726641046,43.89816339503157,7.5501464600754735,13.837187635410436,4.437409194044046
14.798248361739246,656.73923413806,6.472441237238244,8.77928911446876,4.625380545637309
176.68023532125997,809.3377539737382,25.55897849398416,10.67494687496345,5.12885655893527
384.3988459309596,831.4395302590831,55.1754303586047,8.456167685491332,5.212280600264565
83.68142613314201,979.9078970907648,7.687609695021212,7.268309098553512,5.424711911414758
425.98334730088607,325.9983209082026,7.923008779630925,12.849521575035086,5.708760229088323
134.74331269457883,837.1578087546487,65.1270091406645,7.168021095471322,6.714171660938185
792.1818830624422,363.3683061809628,50.3753239942109,8.838353885639949,6.900587506933176
172.62546008122777,717.175679983347,12.880479310963402,0.3194820118634406,7.086951370397604
911.41151061266,889.3933967624694,62.4505625294595,0.3553115546894767,7.215135964569749
926.7672031828364,397.82197987658645,41.51066786303597,0.4231006353630019,7.648890131020562
398.16494826013553,32.217992886989855,37.88949747069916,9.467970474790013,8.06715207206175
256.87803088940024,836.0356299264571,10.960854629175952,10.44983442304405,8.328786643249567
1005.9503410639448,116.70647360121846,50.27126628994168,0.1938007229151584,8.33869606579412
372.4568696150496,306.6003301294741,12.647432770352683,23.329178963573334,9.48258087643898
307.2403758491788,671.4435547268038,83.1542749008191,13.507398856415572,10.127277150763344
257.60369881845475,484.2230180610456,13.38117658390829,17.318027738493548,10.536314851299773
899.8073600594104,281.64148476944587,14.526136255532,9.258860110132035,11.226553601312744
86.86472979988292,719.0973686954637,17.076820299891338,12.315977637185622,11.755005402543665
577.9869421037224,199.97549926853944,15.042856629244614,11.951812359991502,11.956922546178886
966.0600931046469,128.64843563733726,23.520024310868724,0.2331857803073884,12.549737590183552
868.4409584861054,176.95429113121372,48.10622658849872,1.5378128594295275,12.795577593238573
324.23235797843785,231.51575710611976,55.9307383094409,11.696810733707188,12.867655477464442
531.2229068732547,373.3794553093565,17.17801334219308,20.110093077068534,12.976414612199749
905.17942273255,412.9025328912359,19.30570975766294,8.988678672150845,13.519982388734688
401.2882169202756,849.7246634815638,29.796610725595773,14.068623042666465,13.679594037777964
671.4303013379046,898.3325747426101,46.5539466043236,4.302388054299096,14.086543217094432
987.8990431686038,520.3754405867031,20.82262290749311,12.264147852772998,14.258151391024375
815.7659517162962,538.6283555328945,56.24006185395126,29.85031913906972,15.812049779453297
879.0693607353747,656.8626539236664,43.62314113502974,16.064707971184962,16.018733577061504
838.6865403354399,210.52233470825655,61.87601746773876,0.2615370361334019,17.733478685517817
931.822836332743,519.8869265313598,35.01232970200104,0.2216563575478736,18.95002139003109
773.1719055836049,112.631609253901,24.736948131144477,16.600208505294585,19.242737436570845
1018.0341488782104,420.4984369555297,30.42213441534893,0.2260853394548427,19.374274814359865
925.0190881068204,382.9595577454679,57.14257114303896,0.4109403890476271,19.44696770737282
802.9809428122616,658.6240519311858,56.68699287475974,16.453846037463823,19.62543065605501
321.1558818936448,274.8582604958622,34.623118979650755,17.036661442918952,20.7518419071262
888.1219763014395,965.6128398949396,36.164282969717895,0.4144053885822051,20.917090309809826
50.479193160973374,203.5633440804349,44.20458966381607,0.4459954797279634,21.00090759501896
868.9599326581423,830.9487297943017,29.70787217004231,13.72068382172004,21.31301755610753
417.2901771958216,366.2952343312137,30.845878425684987,10.471325169484947,21.868385726134036
3.807857386395996,19.17782939121103,40.132319536900575,6.213212467133256,22.79298981985412
180.6739435237143,963.1741170205864,31.060460975374586,15.566413679237831,22.875045023443327
384.1294005862592,747.596673622985,70.77083963222736,33.06204994158241,23.028609248604766
258.4658909866536,575.2394374433557,46.62934794869037,24.99223291791199,23.0541018885502
215.01534117895824,225.9122401620486,31.870794583167747,0.2420214138974415,23.51410891432015
691.0037747223056,29.91996991870632,34.448710460568115,0.2367252794217809,23.58265238753565
585.0901450021063,56.9835568051334,41.13883976345279,0.1699333153414861,23.61445327794608
243.95832428393516,153.95590166098748,47.27323761580201,0.7585669264415691,23.623841786060552
67.9354367536049,317.12955473440627,44.9602170225054,9.127063668554204,23.6495471795973
91.96636207713271,493.9598737879422,31.77926236505605,9.190363782003493,23.70402213944202
479.9142860747205,278.03177051348865,40.44923597453764,6.828748800430328,23.71204435528106
432.0057376932162,1007.9118498894164,39.73522601077164,0.0836295346030921,23.847350871088118
83.99036997719314,767.0871052361081,43.81249805657367,0.2190279712847925,23.882018748241272
670.9771018028331,88.92706050996142,35.69513828905795,1.927971816467564,23.96894924997073
74.19162876021691,209.02253259484837,67.57905126385445,0.2936136920961542,24.06278607117188
75.96037808400635,195.95794441543512,67.98601201904691,0.4029849527153376,24.14813078451372
29.920452402080567,213.00808838531364,31.835190680337185,0.2945413736103629,24.152864979785445
89.95865024681433,238.02857013554967,40.71917077907977,0.1864542747126469,24.21354460498129
951.0355730047193,512.9727787993438,40.91100145489715,0.2046146865076439,24.223137320501102
851.0055430951619,192.99201965922532,60.95829432724091,0.3049344127841236,24.737329707465165
270.1568690876133,362.6589601507952,32.85728789364164,20.42154855088048,25.15379406820772
305.95204746511536,821.6903653077885,87.3824159727884,13.466496139194286,25.28071654396523
300.9952640493968,834.9931586570298,105.27600539382844,9.290667489439317,25.449037104834616
34.95246864315384,22.532909424159968,44.32050269999736,3.408363805589825,25.52219363331627
170.49672041252094,93.99689224920714,34.532876939003465,8.492722288636951,25.58137083779164
715.0143128828098,8.186434446950452,70.59030289552663,12.875155917440768,25.907169700728364
216.88711975457727,416.0192852604548,31.87004336752742,22.281935211834448,25.96058142310832
7.963062856160607,895.4559806681649,46.978786068545766,1.5986280501951486,26.089863093075483
652.9678589583074,208.2434448672528,33.165285176383954,12.092204645951776,26.12128666109896
923.4851824698184,273.98223693185315,34.8604768967748,9.32081901101859,26.16910557015118
69.58356294804751,656.8937078280292,70.36882452061487,15.64798667263926,26.671189813884894
1021.9476925519682,746.1893438121433,38.05991458226954,9.365613464125104,27.13321911000056
849.0095534135045,829.4942245421062,39.06780647005322,14.658447864287176,27.14737874600388
9.493561703066351,555.4355910486482,36.92559671896058,11.825259900490869,27.5523906507065
813.6609609212726,416.44853481105525,66.53605953604894,18.24592291058533,27.627075008130102
130.58264711720886,436.51513830672974,38.63933001005551,14.813444745505032,27.63481178447171
407.9250936593904,797.0003658736265,46.86000369586484,16.84271799500239,27.654174667725407
30.62046735135513,412.64169946920623,36.50661080834514,13.44211727876024,27.690507112639125
869.5485609311576,362.4524704789115,38.7092446240854,14.113396754140966,27.71618839513662
644.2402472473345,274.2584357016115,38.649466484053946,23.68599410653772,27.753677565424425
505.0659265878581,139.07397735484847,36.80552280901983,0.3835246638018443,27.75994706107115
204.53457546101157,64.54280985595173,44.24048700677164,9.740448482821815,27.821402304614907
246.4657738494597,452.543505172327,36.00363514464065,14.36475318142042,27.9016991750509
840.3035141940021,374.87956992128966,69.6167093938454,26.332047684561125,28.02026031007857
50.56481205290561,598.5689566585509,38.34408640135943,14.701069610404042,28.13359381609708
57.0461160911952,653.6074796601256,73.56445569894998,15.837832493839423,28.17347609552108
838.5367064185308,351.53350042993213,55.95021212394949,14.11169658057637,28.183924287229488
877.4536449499601,101.51822102006508,42.80474362199733,5.302870888040837,28.29660547287432
903.4613771952188,384.5443214553096,60.97426428527463,0.5111239395862753,28.592605113085245
745.4154124454193,997.5010293981916,38.41629811837184,14.472433507039856,28.60344436546302
91.38519258781976,815.2876552913206,79.10073198233691,10.66159553730802,28.763715817179108
750.4758025844634,503.3782011098138,39.10348506499866,32.3979300057454,28.94355542488512
56.42765555671304,98.06622781100822,38.93101557475841,11.237805623924976,29.242097249998025
62.50547531522472,923.9142403128808,44.38060718180008,10.46293838498621,29.476295704361306
1014.4861950386512,479.0904035455903,40.5901821870068,11.484401664270695,29.649067605139752
279.9778847762308,313.47505046285386,41.52094728691786,17.126940959572682,29.741840418352503
511.5101275147642,809.985612492345,45.9935092051334,7.641637208660326,29.800107934798262
390.0059481886368,936.9990557363152,42.81894025368478,17.417106715047574,29.95256717701917
781.0354738752417,411.5046711017,74.40000266625603,0.3270757772588584,30.18237287665646
867.5325143105935,960.0293754850012,49.04032518987317,0.2902037199043926,30.197366579413128
659.4664632970351,261.04499328364,41.6536702666032,18.256942353853187,30.25946346999553
109.36230432366052,653.4983805067179,98.76003951756653,10.850991967215323,30.35538099993669
84.98423720231234,313.0016122533011,73.76730155875337,17.991273387549345,30.43827439999065
1007.4976677447922,755.4463119405723,44.43623377880685,11.84891746282482,30.84592349316233
410.9397666728169,55.93645171226906,44.89461495813888,10.844733906731603,31.067203115577374
385.2694404038635,665.1250840702195,61.936874980857645,26.826471512717827,31.247416293697217
299.0539552885171,70.87530964766505,43.57271098776867,10.000490859108746,31.366938594067904
694.4639406797036,224.46047710791493,41.18433384812672,17.82971018764413,31.38619222709599
873.9443707354899,67.92903291600956,39.76031475537869,10.62006677059813,31.448707366097125
925.8673025988898,130.99967176891047,47.95416730568482,0.2276436984409633,31.5356788518184
364.9757872837745,142.02801531193717,47.1100723314818,11.007420271674992,31.661282236517724
61.99132814236864,838.9912210080844,63.756076664108,0.1783103359371491,31.66145785514099
337.07841356469544,362.8657689855848,40.78337399480057,13.19145939918874,31.745827085571246
362.42298300407487,940.5079653051172,41.1401836276288,15.685321937928386,31.76095996228865
888.9028259503942,499.96688010330735,51.36462628012176,10.814134489933751,31.849251648629057
239.07759065930264,856.0723840199311,40.85847063812172,12.097639766802574,31.899814030863507
827.0635343098342,309.0703895689381,43.32562861390468,12.00101738827336,31.92476128716365
513.0178224141598,984.034026605828,40.95772200310579,12.027297673389985,32.025672534695126
668.9786110815129,196.9691988533781,48.247254269311725,12.976310673626092,32.05644151338
252.08830353896835,925.0728312462496,46.072233301574016,9.325218496944016,32.092619938863216
99.945871629959,667.9224884277114,71.96334448155137,12.76609720265321,32.14502595171647
964.9743624973918,168.07381595330546,68.05342806955728,11.394375300161792,32.18631726858598
975.0031469126874,967.0077105025316,41.21046477102563,11.414814100765035,32.21129302378951
885.9583050484102,430.9827915498144,42.50705240530386,14.350459868164249,32.24894734877676
974.9320374161838,471.93653955592384,75.33180431606056,1.1213080773465705,32.291455557741166
927.5311654213564,672.9658370009798,49.88566708407445,16.781284419143415,32.33074651548359
787.899015342826,992.9690980988188,43.67609113367247,12.135766499533664,32.34261110069029
1011.9927045351204,525.9905858150792,45.19286116376181,12.837273496815993,32.61337354227761
916.8924232215188,862.1091508631549,60.219977231233024,7.932160499002931,32.64022639066038
141.4527855831648,630.708558150338,66.75532970191652,0.3189341373218418,33.16717129819143
687.0032172941815,774.0025552291957,58.3236366658411,23.940149628069605,33.42661998140983
162.8376646340631,792.2127255930059,77.47195548240882,18.333668080817507,33.92993972088996
73.96340548677342,885.4798701607818,48.66593448124387,11.978399277150018,33.98070777244649
152.63377964517355,619.9955079851071,53.54693358645911,0.3179617936435101,34.04752673570032
146.9530093729151,728.4390545477734,59.37220971115713,0.2667412239057278,34.13655535914229
982.4337554475208,740.435899481226,45.4322696137885,15.794497491243767,34.13737602814519
108.52956429119486,326.9574476186941,79.78539626151914,18.315445297245105,34.25454977460664
903.4630564538588,599.5325874453199,44.1000491662676,20.34875390697882,34.56911172439148
438.0025425341278,796.0584610609907,85.19279273715526,21.166186096223207,34.77351248727576
713.5496211805078,630.0388591108092,91.6283460703858,19.59330050527227,34.89094557992919
764.4007607787819,356.904347305449,102.9652240867272,12.447471240748149,34.9177272005973
841.4078369386707,664.0051777309205,82.4503077133273,15.891959660527087,35.009761244217444
55.45566281180669,460.59338348046,51.282912884836655,10.3398821882226,35.051552282840504
953.5424405089328,564.462067682227,46.73006335205823,19.02439791616191,35.233236241333955
276.1778958896041,589.270597540431,75.03218030500639,21.09070202336959,35.61485824240636
7.365166775828038,175.4509980284815,44.97733360847199,13.76924561837794,35.683608127669274
470.1866813487322,229.50422049486252,63.62502846858524,17.871055617490985,35.75453673745787
864.964315028292,456.9688072325467,48.4395759746036,15.768752366186613,35.80812228429176
1011.373847876153,460.5526512861233,58.63042977211489,11.597895729662092,36.11553709944493
9.433092345474003,260.8122839024832,51.10900098156821,0.2505689792803108,36.13000628013714
3.293312855451522,252.05407352295924,51.14373506073766,0.2515573059401978,36.14117374729202
733.5451871629483,17.46229566157643,73.18578327632913,12.878620160074586,36.180869111815234
762.9998410452124,554.4988451891863,51.67392451998518,19.55720189482804,36.37498822730176
449.1056836505192,294.6662100527193,77.0496997280705,15.243752666817072,36.48732503321861
653.3983722892511,403.4742096716091,49.59833390810431,14.445367594152817,36.746968246740536
838.4984903148402,882.3863660259942,49.81480023574658,20.27809279877653,36.91040924073332
976.6041797871392,855.4658744216883,84.2792465204949,13.806421286052528,37.11200101714189
808.4144069140675,812.9743908104255,90.43646732608993,18.671461112331414,37.35751486024951
690.8862886398396,714.6370982127354,108.54264157790846,27.51399981600607,37.47683772135402
762.9904300460746,932.993879309824,78.594463334621,22.00657897869181,37.47708123227374
340.24211141520755,295.5306208835649,48.1679499642655,20.679615546538557,37.56604362913608
897.0138277747678,770.9453511346381,63.161632131047774,20.278693484399135,37.623783298700985
54.53405275848236,504.0997055814217,49.30787044697028,17.028037960003182,38.1419095620624
364.3977148153117,354.2697491184846,54.88308138973827,29.097139810807008,38.180347384099626
658.0931587935457,155.45385782119877,51.12340247930022,15.196739001679257,38.21086640688594
75.45874010826608,695.546379653621,55.79844136132797,15.038726044374537,38.27639647812532
200.03806125971911,968.4646889189328,55.80827492392969,9.505698086393414,38.28172489575668
439.5757449386799,376.4349162203617,50.82018685036884,24.915852605896543,38.42314598532637
294.4465656203599,988.0562721538004,57.99143944960242,11.34430853279076,38.64450078203345
312.5040498960993,308.00403247216445,49.65170848579688,19.49013494288292,38.70354675288002
518.9556051498411,377.4190599304831,52.28077191261714,28.809206307401016,38.798524613541375
953.3245770600686,652.986033358739,101.34829890157437,28.584610115245063,38.91872178860192
675.9410970785121,606.4239165494461,70.93648748820459,26.10358491772634,39.60249693502469
103.43106703585892,841.0028919326901,65.96255945848812,10.109942974481534,39.70782891963744
21.627590200573707,520.6661392115336,59.18906282220879,17.469975964610978,39.83324817407176
25.6892769013333,831.4930263577432,107.57648177546363,14.042220270635482,40.00196441630749
248.59323384973868,614.5258437620827,74.31260499470496,23.978983045973244,40.07640709165437
445.9544628000443,75.91360140264166,52.27551485020091,15.232307668868136,40.236917756998494
723.0117359786282,217.98167347995616,51.41440419581861,40.65307680159987,40.24221827592571
8.040772546705771,386.0888494740005,53.80689534398008,17.184372618677436,40.48370233686794
722.5284765095906,60.406396315239526,53.279393996129286,15.657001812808232,40.910091845407365
819.0274557120237,662.9910395097816,83.80020105071976,33.78877672495243,41.01144764328549
397.0581991178906,116.05753340123118,55.05963036442832,14.638922806098089,41.02249087612577
216.5548835101356,436.0531054848912,55.02192727323688,34.72597052929606,41.201707693856754
382.96641814406814,478.9636620978705,72.16258914390968,42.75814771268301,41.26354743141037
693.6686241091143,321.8759803635936,80.49724548169591,16.774416877513406,41.30736899109328
260.9946304025046,744.9200073806297,62.88583370066765,17.42251684348782,41.403760258814856
564.5700788736947,321.8785611065578,54.49363082724919,14.032299576122156,41.79087970365745
731.1024312583162,72.95275163232556,54.3549072147658,15.64288934256509,41.80749079331366
399.2040961469591,314.173068126824,54.18757102186078,27.337105695452006,41.8327849862121
224.06216526376448,976.016352939972,64.62351900525219,9.314215366775384,41.84379474600794
511.080265558613,196.2721163878892,133.67624599467413,20.07342080092228,42.068751901876105
898.9582744091292,718.4660757076662,61.585762461573424,22.186434649816764,42.08090403259909
764.3099083251424,654.651564495014,59.950662578411205,36.573326994680045,42.21589945798301
985.22768538235,458.7571836378652,114.9806663351526,10.380808149181709,42.77508595580873
685.1315807397525,276.1083546164262,56.88201489758664,21.224622086414627,43.04701572010522
345.5271473862385,842.6281173532908,79.31663185237304,28.94650859791648,43.54394993750284
826.933207895889,116.43777604933788,63.499086685707226,30.90721000313985,43.61059243233159
436.57197143428425,291.3625021539421,81.13338367224208,24.00903845558257,43.68689198720477
376.53120690344593,341.5627758291222,66.98431833180149,16.689722296336132,43.79520280726309
385.5642708067009,774.5723603989476,59.82853261891546,27.12418559233043,43.803287362446575
860.5079230059075,779.4312040716743,92.53789636689469,28.539048495604504,44.32770112414142
842.0443552265988,400.5241885258881,102.9382734702068,23.704905952913872,44.34442627793517
144.50764894792886,770.9795340714941,89.13841343563982,18.16255877308407,44.3960143467669
398.98003592273074,348.4729425992524,69.78918916166369,17.922523647356496,44.51597178802564
156.10413148225146,943.8970102878826,65.12699612631022,15.94288212258154,44.557648746426885
213.51614362616328,643.0154030247925,77.22913564123206,22.638865327630054,44.56958335483695
737.9496652006962,796.4892964725166,58.81623638306655,20.81726312138495,44.75604571904915
832.4332829127994,425.572950983828,89.39545735494175,23.08374972498178,44.841569563321336
372.39324086057934,741.8267781639651,109.54423712178306,27.779123180188275,45.06739969937899
545.8541973255856,300.96849243404256,59.15590687370197,24.600318767258884,45.23592101345667
912.3516817538572,799.9535186145087,90.00919437384135,38.26989941186956,45.24694534032432
128.88577891731407,493.973638579665,77.5354912818374,11.645368630043416,45.31765611676922
183.01884466449175,382.0142727079845,60.05454654708286,23.842028332405224,45.383890798070496
822.008553263554,850.0048757607074,94.29412720984398,27.588004178428225,45.4960416344684
40.46519870053069,880.2064280357862,91.00192113356528,13.039892011386437,45.60938337039537
378.02526787320414,377.46391756526384,60.16830394374482,29.58346452752535,45.93607417910105
31.87314947065351,868.8629460769938,113.63638634370768,9.27823531646002,45.96208108334378
149.52019891178628,481.3590976831709,83.941687972212,11.091292738525762,45.97002964512805
609.7913536282354,374.8173236532446,62.247457269835,44.7985706062307,46.02405034673782
961.1071669341468,591.9654318715019,100.55227473361292,21.42177305974832,46.31891614728261
148.9819496697926,667.1057648615187,67.0596498515602,0.2725932596605154,46.47706968949873
141.73862484633435,677.3335966825586,67.28141785786329,0.2690229103439354,46.60524492425895
200.53161465642225,371.4599619974628,59.68749232021236,17.69505528205449,46.62442007352674
673.0174393046852,739.6279908735338,95.15401203860056,24.04400621308688,46.75583380759483
205.3590262631732,666.0303796247748,62.528791797184375,22.615296192236585,47.05305844968544
95.566102267868,954.5615773919816,63.400426542690525,20.755251071945537,47.25086353542476
602.6281255674237,793.2217683636115,69.81692903552829,39.377241482888685,48.103252094902174
113.1044582084807,817.16177057825,96.64006343220986,11.025581945533336,48.3487867835276
904.561575360902,831.7146462659055,102.38866962032434,21.594126141794767,48.40387738369554
238.0189368809012,747.02180824669,68.06610320010229,19.121961031441653,48.48865062064213
492.5383396077232,772.4543865161756,94.1687706034633,21.529593886538564,48.67032078318163
142.41549752142583,787.4430464426451,110.68250615866776,18.18632464721733,48.88045796886791
849.5321665612634,545.5206363038039,74.93248971687018,29.33632763927129,48.924761613981445
383.0405452514282,275.46381867634267,90.94361490420788,23.677801463392097,49.095615027334105
452.4770734446295,802.5138766553473,93.58609622997726,14.658706305927618,49.16828455797999
275.9481506685768,604.5002999797547,95.04461014767438,34.49081619462044,49.36493862955371
524.4021302941862,862.3273733603937,105.2686945146396,19.27322773599312,49.50340124736466
757.8512648243659,519.7531049566828,68.95596535985324,21.958363140925268,49.61632460266599
595.8661893288232,846.8397241314443,85.76107867570992,27.122571134982152,49.94614989188239
21.342655841669725,734.5755225744174,82.16253185899515,15.794090928585296,49.9526494178313
5.485690042394833,827.5068828229801,113.88618942781494,13.964795571529784,50.158107101014735
355.37932395241205,743.5119269505462,112.51372840111902,24.318791392517145,50.28496299791224
10.394191955700208,793.379870025327,65.9290198996146,17.838361109797066,50.48057758197351
539.9379252964075,276.05313899423834,72.22166002261685,22.07232272048193,50.57871326515136
552.542094930171,958.1785169564394,87.17034808971998,13.016349652642464,51.02626516235979
373.0547096647196,236.9597037441661,92.69953458898036,25.082991803460747,51.18444918391009
584.963560828342,378.4084616706561,70.62379623542462,34.2941204527413,51.26898062090656
309.20371296397127,521.4478001647509,122.6668062818291,21.11821634692084,51.7462720254734
733.2052416822442,357.75653754603525,128.1519438403142,34.247505962221965,52.10763331071346
328.9917667247626,503.4885392129864,116.73670839102256,29.51573153132219,52.18269251617864
721.5940467607735,975.5335257561892,67.15054184689153,31.555874716894238,52.77265459804308
580.4906263831965,152.51474051886572,76.00228589079148,19.005840038273877,52.85353654431894
852.4327936259265,140.9768997136366,100.16224187227084,22.080822346568343,53.12362987116395
91.70872376493952,326.33512662111644,109.37555248974743,19.509475564274105,53.147664221020186
350.06026240633213,233.1228935479961,99.6438417483258,25.14476238643933,53.19734324689687
800.4327846387121,443.5224529906377,68.47118581226707,24.757575086401577,53.27616099942898
391.9990747115402,442.50585620419,94.32134200305592,31.61228355997576,53.51423502959016
802.0484347606049,884.9496567761714,75.88678453317857,27.45794699492272,53.9001114988669
332.519243351651,736.5115445959359,72.5854764297801,28.16738092670365,54.01174778370143
713.6159733167387,951.9072650918818,96.06442098654244,32.34764483791315,54.15998247057666
197.0303553036624,510.6227939947546,97.31110131052216,15.929332360331664,54.19229479545493
112.66401928957173,582.1022299498819,80.95602612141133,19.675367164976777,54.32640279258441
957.0685789369928,683.5516618594246,88.42893234784655,32.09426174426198,54.37262255363943
786.9965480959323,727.0025298347355,92.61935203861016,17.58090780218985,54.5595956946006
633.1523603500247,696.1967262121024,112.52065935534064,49.17932341505544,54.57938422198057
771.6049745232036,595.5040670592467,73.5861629212256,9.667917982585104,54.73628254881363
792.5471150862735,122.52926895866725,70.90925886952658,29.139502258899448,54.80642915650891
352.1330619993995,1013.4657169533476,95.31158902504026,14.621009528604295,54.91468389384897
653.5640367338477,378.3808447536186,69.33613184983443,55.224254982686126,55.00396787792047
531.0320184670582,403.537690378901,77.96949646791523,29.989154159940725,55.03965303014082
344.740788217688,1005.9065279840293,121.05841106489514,14.651146717397603,55.36704442376638
215.830194741778,961.3178113730966,79.80177471785997,9.486238997699884,55.50064814530604
778.6556040437167,820.6094322510143,78.56001399504754,19.084827650046364,55.732019278558994
570.5203708548718,396.08478852092,117.05897330793688,27.51181487873448,55.88139141853842
447.1562322889636,712.9931619773596,78.47599636519023,39.87711836099464,56.02750220999757
692.0133673625648,416.0684399063819,71.45521259422229,29.82472219715472,56.143538891976775
481.5065479136052,372.00187267088336,73.60619531202308,23.121951269849728,56.79466036265123
363.50991509327656,812.59462966146,107.83873458399556,25.243158798425995,56.91720999106168
695.4792863953219,559.5955031614833,73.63430067437433,42.407023116881184,57.22693709945428
508.1687621549807,343.7872757422561,74.28456195186992,16.52870270763446,57.33091706936869
443.9834980202291,881.4399728275943,80.04859843144914,25.06483276806537,57.3684204171438
677.0939902912206,322.4225105774049,102.60926904834606,43.44677674538082,57.817827401604056
277.01082618789457,641.9410176726748,76.78400816964246,30.209613112392137,57.94548466597542
352.1372717626142,270.161351824389,121.16237896602124,14.35182340306748,58.1666613617225
673.4532686266216,483.84398006791855,112.35876655063804,35.40661356608757,58.215586789848174
724.1228005155562,546.1339393998142,79.98962577520525,51.80229515220351,58.29265568142348
341.81175911899186,281.26010572931057,81.9996205320687,12.705332456816098,58.30404258262671
749.791091544225,530.7818014418194,81.60628932362191,26.376365981510705,58.37188536697398
288.4942223131643,449.4941404310758,75.66001629971805,37.1081178364317,58.60149005722386
210.47304661902825,579.052393557664,85.14377825172413,25.120427168621227,58.91653865739485
311.01403794434185,723.3271311648123,77.30033200726176,21.81176861380679,59.03930586721033
688.7123289007623,667.8930598084313,92.3829141395258,44.60541461037537,59.13390640105189
656.9425021405136,703.9380132720366,103.05746672454302,33.99510746249133,59.65496729969602
768.6421408702728,903.4272400884012,110.34744491139274,25.25121865939525,59.737344468524014
785.9705856103053,143.10670662459793,76.61574613086438,29.721201842989835,59.87206819436881
164.96571956801196,346.8913493651471,113.5427711087311,15.839915056777004,59.98060593031949
35.072139932338814,677.2454450499084,85.56629245139676,18.190478810945613,60.154108869727885
751.9561738710833,147.04105882819192,73.14669144849952,53.34378200182445,60.17318895686601
959.9873016908728,631.1012497599239,125.26861848787097,18.34711945453762,60.26590760836206
841.4646151926931,94.55970636882444,106.68223944368556,25.36692030054799,60.29819438730819
943.894079952763,708.4386966453881,84.52539038213409,29.49481973289688,60.33906412911528
747.5672056411678,635.5202108798428,86.72838654427464,37.449966079599385,60.4464179385381
180.2003299203168,301.49007199493553,79.14571629304285,31.99218562957584,60.577457046120784
43.66650942122236,790.5878665137532,111.62348785398191,16.409315545316616,60.74117372882923
632.4991172825754,813.4954462116351,113.34566047759888,13.28977851744446,60.90820985833899
275.9663916937313,104.53320764012854,86.43235287184268,31.323200811958063,61.03148083321401
517.0446805209324,393.0325863522989,83.19341606182914,35.02653227760795,61.158579891782864
165.03766088460208,281.5429457226242,77.85071056059046,32.03492494663632,61.34407623061336
314.77442767373543,558.8324462451947,96.637888027263,51.31270415304105,61.55995724102809
17.574098618392092,810.501899756077,112.40392061372414,18.208107258169072,62.08358986624098
363.13099667654745,865.9181355582011,96.9596933039918,30.83897833766362,62.29064547180275
19.488986953093026,882.7492979385828,132.48005563282564,9.375863977170674,62.34525922341316
503.3230648585005,356.93385309146726,81.77145107018984,14.402590050665005,62.57208422296396
415.3485731037624,584.4385839574926,109.55960128241948,55.79733761859745,63.07058577353901
47.68986633074768,683.6506457974535,90.69627009120286,26.97632602793421,63.14986146504453
215.44605868469637,766.9945515505777,87.80413256582827,36.72957870817864,63.52283338549688
476.918491162916,324.00268539991805,88.52304867383124,25.223037183047243,63.55730682833261
649.9526147543507,926.0300267893236,81.6978927262975,39.26998106420455,63.57306504632899
162.30631475243732,432.2490418962986,81.89885068279342,32.89105522758161,63.61340436039306
880.9726526781908,578.4039866486103,91.36459551617143,25.573219273159022,63.733929149852585
293.86708358809307,754.0708567477386,83.66737551978493,17.996168403679444,63.83022767100843
155.70901974651812,879.6648283243524,119.33638326291532,11.298233915596828,64.18556678300848
659.001446552729,758.0000470146072,113.78223046406367,36.31189816164509,64.18610905966756
654.2827770590372,958.9062859373342,87.13595141760419,42.6263378440849,64.20407315632441
275.51933161394896,127.94777671993332,122.72164522684014,31.58942865972796,64.35095897510065
786.0448676121091,859.1462109942197,93.22287510424316,30.82781859366722,64.3713307019256
218.0629966899005,596.4977689750757,88.94988408599889,18.02554266612876,64.43243561294486
680.5411999317744,920.0337072552476,98.99602272825196,30.763732773081937,64.58623622060956
687.4898148556684,385.0771259987896,86.88735054111555,44.52624580634493,65.07667353891418
312.23940192518404,13.21047922906058,85.812858310636,15.719493807435866,65.54796597647345
794.6228861470983,902.3888722562008,90.30454400154385,23.573238585933836,65.55546111148112
297.2921593798972,12.468696167892553,86.46163769641052,15.72945126502313,65.65951921378247
362.91014319984106,470.9025547063976,119.50271190131316,37.311446100954434,65.6973511555151
304.87077920490844,634.6890441518606,83.97908515481805,41.98959086888949,66.15161362567085
654.5841623400976,780.5089489616049,95.85563428846882,26.377426149674783,66.17624966158775
805.7954494164225,682.9798677762657,105.30606255361432,30.37654586727125,66.4940305051759
468.46816266541606,397.5356730071271,134.9781014101848,32.26894175775654,66.6211313146797
820.520164029652,721.6526109311982,104.74151712056349,24.078529169434056,66.66072515762697
495.2195174212342,200.4888435600052,163.72428392431925,37.382830888910384,66.89022360997579
573.8051725559536,224.26578218504667,85.32466807092733,37.54126875184788,67.3253818894025
384.9476318580204,567.9974293204066,128.4280479762657,49.25069838362711,67.33530148616504
776.0242718118229,833.3169868470474,94.54895752186556,31.7448938907447,67.43474227038496
807.0347121674856,511.9696003507305,94.84352404348344,27.87099158843989,67.69251335775506
869.1166629421127,741.2606802827368,89.47227430037749,26.13594407739955,68.34315590004167
477.01215911638064,760.6836441792798,124.3875511531104,44.87437845092827,68.5145989042735
371.4425213265597,183.3667324023796,88.7077675646063,25.65547864052576,68.69073593259097
417.4689354675142,272.96618139261017,87.58494415928315,37.25851532472716,68.79740533313276
671.9261813113544,935.5129019920896,89.71271821062618,26.983183058629454,69.48504168248176
383.5602089188199,193.05617510709556,89.78276712603396,25.684574987652084,69.50986926031169
824.9356960217111,512.122220846849,96.61683032523528,27.87182007436149,70.03249546960555
404.280700377154,902.7860916001908,98.4693380296001,25.27580491713443,70.15826368663457
490.6179478705941,224.5125291564291,127.4084412011493,30.998070696256068,70.16091017019512
29.348723520400227,786.9981985360898,101.59244192108456,23.320622073492657,70.35881548545761
966.5947796068834,765.5313123756466,91.69959566128944,35.28818171550152,70.60353163203882
524.0728175465193,699.9449217901412,110.06323443104291,59.016985727949006,70.75442131966668
559.8163955126296,933.7905410602464,112.80012420527432,13.97961447447518,70.80417603250021
392.7644300652357,890.7968967775956,99.96733391419636,26.338213236377328,70.8914564121311
464.05133607601897,914.95062533956,103.70058334667944,17.370220737055096,70.9363119282156
191.4658227038502,448.5351987595853,97.64379440646142,40.31498721607613,71.01078768092856
646.492585495775,799.5007932751961,108.49280034935576,8.740723185226965,71.06863115978267
823.1018149101141,807.0907039722886,131.02042614005137,23.144201803265787,71.40480080306075
389.5550975691525,581.327055482948,159.41698872142123,47.63383057882498,71.40530877656542
482.9926421837529,155.91327716213164,111.41465073978642,28.843443084115314,71.44497091104755
810.1649951570807,748.7921480573219,105.67914703140175,18.73074197911216,71.60207083841522
318.2655369275065,787.4275653882331,109.91584833862368,32.86073836601631,71.74979476803945
282.2264134797351,380.6802259257803,96.6223187049046,28.099471661932235,71.83286102376466
564.919650660325,811.2447051534959,129.58216452831027,42.00781140084264,72.24657326721034
980.5889904737152,781.592912100934,94.97454253911388,32.31645124727239,72.43622416181627
545.3781332849269,805.9961182171185,123.90869879519494,39.72551371969989,72.75072566391337
925.4420563947664,803.4366725492856,143.86997972180714,36.44775671335138,72.8435504151231
384.9892744333095,355.38945760876805,108.01314060523812,22.579555368472768,73.12233428144356
706.0008375443724,703.8810084355683,128.70545444678888,41.799141947957104,73.23724661932981
598.4665517690656,347.7576506632674,98.63156407960118,45.37394110352589,73.34477355589922
668.6140041579002,446.0651341885848,99.88824808008692,63.17770169437216,73.45686118441029
165.18589369372597,892.1833868369052,109.61073963425008,12.071124075843166,73.61686958663631
392.1325305164012,636.572627300879,113.04442413376638,72.32471219812001,73.80841852616243
795.0915986503487,468.48662480472296,93.32040226359678,24.059009221404413,74.02343709334806
671.5426701641875,754.2301791267018,126.48380792769062,38.66228052972209,74.14733580504246
1005.7954795027168,70.78448779078721,107.78751662477184,25.738551400297663,74.23758978810065
825.5072409404911,567.0402024097489,101.81574186679946,27.143211850003848,74.30606713673741
77.51991242503426,578.9359798735046,101.7031437333486,36.09803068260313,74.31387897963752
779.5047417233889,882.604398113855,107.69876033397291,45.140609216452646,75.4951228302016
824.9453198136238,695.0708536492604,112.2459144093721,32.78662874207523,75.63195170899243
470.7389547610569,934.9382867063156,107.88827913728028,17.036419568121545,76.02117539851649
810.1667726107579,465.9940934291604,95.78550835247668,24.065288607462147,76.10300988001072
826.4251548076542,786.8462549858972,114.13993147867984,23.606711267663336,77.2607219366411
654.4690284188478,981.4823418332746,104.71104488915093,30.097046133556816,77.83311514596504
426.4255864499544,851.1068222934858,101.87677737991984,51.04345855664256,78.24528152207881
597.249269692237,634.2736985367775,161.40528518238096,73.09787261405226,78.3417438694029
858.4755994040331,753.0716780841202,104.7025047899292,35.827564281469336,78.38828032013018
865.5827198941408,571.4982185772055,113.86251539969496,31.983945886553567,78.86369730552305
646.520787846135,463.9631354217069,111.180721448406,62.46723898249392,78.89644957495483
665.9308827401973,971.5984114037208,106.52803217384768,31.609154723934097,79.02137426401187
402.9951072466402,273.00565892659046,101.0194051683839,31.674359013899263,79.16145318047187
308.2932961483802,622.1520300800785,104.35287689886752,42.86572641705787,79.39838803022329
445.5261589948654,868.0614977795638,109.73437087669129,51.431491399119736,79.49720176084269
823.2223979527306,743.8923507539893,116.07509808913248,14.104434907137373,79.52037694026734
191.54386617065933,931.836995667538,135.11915044725717,20.4657723223411,79.68314444434655
489.9069132734926,306.12083891752445,121.49183457868683,25.039642982739306,79.77931887655555
935.9508277683448,783.5537932825488,114.69125290759575,35.00530397771798,79.89528185253161
111.82994937162049,938.5551795331932,112.34267910762873,29.55738092443445,80.6598509994709
715.8748038719777,899.4076743448677,145.39299628939406,29.082677822691764,80.68241077178247
730.0167025924259,392.5264048554768,126.6085615473354,40.84035569999871,80.70991167111407
724.813048843758,441.0039501334662,108.4590816649104,38.881827780888415,80.71439183036266
873.7905850322314,755.028396417341,107.98447786620824,42.8760593073794,80.88502186493444
197.89031531678123,915.4064458282936,135.1418648368571,17.927704405389747,81.07252784307802
299.54778893517624,604.4641769503745,111.31771230904614,55.639373711261726,81.58375367337221
136.941167437066,926.679518035545,126.3775521238569,29.78417099063911,81.74270938584773
271.16373407610723,391.3129382547028,132.4965510774852,27.385852113690525,82.00236227872256
396.1149889007176,595.4139315809626,174.56340161900545,66.93702380790494,82.685836113634
694.6007153181793,486.0293628038332,141.8599910756049,51.510163820280304,83.02881734693258
577.8180996814632,769.7576679303818,111.15891263977278,43.92597992111966,83.08182407334733
546.5365758026638,431.973589510836,124.32077223621953,55.2904564160784,83.45872618680438
681.5577126558326,468.04974161040303,140.86675791474366,58.47425015396605,83.77652472792715
399.5417361350964,506.5287741225884,120.84989487625718,51.49888412223452,83.98564462347127
651.1805605063971,313.02465562756817,109.69162959247237,66.68166748843613,84.2654290262793
301.9984570434014,738.001155941438,110.91436501130023,31.159035443592,84.86643299959499
354.4594797347545,482.3251479317675,160.78702303194896,48.34282752441018,85.18090425889125
708.1477752683157,916.7459633385592,122.3396706005204,32.66899000749845,85.6422589102041
591.8617174647591,419.8779331422573,171.1707484353943,50.90781463646923,85.83865776242403
464.1048606530314,755.5122260585528,140.5667963102026,45.39037130958335,85.8865413160324
875.1364089887278,606.9218312975158,121.8676668387213,46.68617057549661,85.92620928122074
564.0350517150051,433.98526004060176,170.9070528028243,65.72412134644526,85.98221749201055
453.4470700822709,576.0945500589496,111.30425867644048,64.27767019954193,86.44055020396033
608.1196778050763,912.9009313765716,115.0753367097642,32.56532282871718,86.8802842715676
341.4594280323056,774.3834937030188,122.3189326638971,45.514626656498095,87.12657567707815
364.04346177559495,674.0607311499735,115.6116388527449,54.33800213785852,87.20790862874435
125.60880206472925,930.7854060244422,126.69714895504292,25.71004799371863,87.5474034442701
882.1110714657736,684.2437742882205,139.6847875147659,31.27229842373875,88.67795261882182
627.5524955572085,482.2161859756755,176.57327959924845,56.10832864789151,88.7377467987906
93.87816411332145,566.379100812474,124.03178064215658,33.43969010541019,89.06202965181406
492.1038195524405,403.981740700092,150.6231943502002,41.18202216638479,89.28854004274909
283.74922248490986,486.7953302079269,123.65180312094284,39.88715126284537,89.63548071595045
836.7170400289116,569.6443779327591,123.72685378007502,44.68937194878627,89.94576191607912
326.6434759527721,536.7778350251599,163.85912104402215,33.44052368546391,90.105590282056
720.8769367030591,365.6371912079483,164.05440571939292,40.66340859407806,90.15554096293585
260.4698663760783,531.3909351827162,122.15518568491488,37.02271320689999,90.84402262485128
171.46693827077976,446.6070964125983,123.10601620848634,36.62209235249009,90.86387637671176
570.0591498095338,733.129212978645,126.66730247950868,43.28266910924648,91.48526547115004
557.6313095702772,247.82967984008675,133.1857915466473,46.03716300396026,91.59977392579653
506.9791734636179,784.4697903943601,127.88563096305242,36.31381045012863,92.25396322198318
467.5341327203794,561.4343461623275,124.35727815689376,69.33519082678056,93.79978307361104
399.6129017192962,537.7428635463309,126.67104615965044,70.35462318425685,93.85330399865737
339.8388021517427,383.6808284480712,179.49787796996802,45.85806810173996,94.03555379441195
678.1752382591123,682.4970447013156,160.28167742315242,48.48864025176125,94.4174014110211
506.5151210420592,421.58461840433614,129.55031663288648,61.875742290591965,94.7190827330472
624.7783873877374,923.7903592514716,126.53410117612832,44.40780924190058,95.07130265411236
330.2758111937645,523.6042844573686,179.6356831321273,28.219020914131463,96.1483671841547
352.0729061579277,562.1968796028611,160.9509581926255,55.00000873300643,96.94468661664804
453.9449771390512,404.6840263439592,159.8523216785994,61.20386611442745,97.20486169296166
390.3692080132413,699.8381045396018,138.07754482013226,42.776139124760974,97.23040254337938
301.74523193912177,474.8954497444419,130.58629666940087,51.36285303005866,97.32359487170469
365.520999401982,695.5072593624432,133.11759894550374,53.72341549303705,97.6514000860212
500.6351183576383,706.584318498982,167.44655405217458,74.38711405010797,98.79579194659982
846.8853169321035,602.8970212170298,143.8457568561713,45.11680330635168,99.00216654632275
499.8817837669784,600.2887064707483,138.02826397164966,77.90724584562496,99.25538759693822
460.7260935891725,166.22412476148494,147.67459452268318,31.1378121267038,99.37170287795132
893.4551252565634,696.2804574624969,154.8392432143684,39.97787294795503,99.51988373090173
482.0432070154385,389.9699063927021,154.41398400761602,23.2504885839196,99.99779744201052
356.7248853916326,796.7816891545456,149.39780743889406,43.44987673488931,100.01001962459308
414.1780113284472,423.4275468026104,132.70401236529148,74.0253489411026,100.20467670926148
694.4911348046047,443.3355484700473,132.20209908570286,70.14122933974994,100.65139236863315
617.0778084708834,318.8630321174481,153.94274355958876,64.35793265772587,100.73843981548804
352.0885663101963,440.975921262746,223.29092864667007,41.602839713631845,101.06145672976452
331.04279550250294,798.0600484812493,173.01014008059278,46.384003426430674,102.4042598720004
452.93217757218014,742.3096704143481,135.00051783590763,47.3254765890044,102.52584474757585
295.473234914917,621.6116275838114,132.43286557918506,58.98301603719173,102.59767774730535
440.2998546205532,569.6168909450361,136.31948418189535,73.30289644448818,102.66955747639366
260.88212898086687,551.3925170447419,138.99093582433972,37.1437475202671,102.96145600862197
456.03831494541487,842.481850134869,152.39918893555742,59.26263840169029,103.03462257045724
446.3490137832972,822.624802101456,187.08497267923772,47.00959896528119,103.87623158047349
318.8078721438384,588.2996044270195,149.6753148809334,61.2208097908276,103.87693592542573
635.439828783527,441.2733006790701,140.88979287860653,57.84219613446077,104.23626616880892
372.030004729416,595.5602417821154,181.7262879441908,67.84563692127344,104.24954033638184
676.4279250264935,360.8989200973489,140.37495743055126,56.22306799231329,104.63942570255864
472.486720873632,176.62431928648974,158.95973842341442,36.97180019269992,105.11686131680756
489.34825511761056,584.629890913791,139.22722718847422,77.1780200937691,105.67762500738144
247.84019401561665,545.7009395112523,143.32247533517858,37.15551453915109,106.1140708069032
333.0349339223693,433.2909485060285,206.7900751981128,49.94935932429279,107.92292121388212
418.1352099485841,396.7141150933909,146.91438433506124,55.04664452087375,108.31130788735004
292.11391055617366,477.6989459523788,143.9243038609264,48.8272643998326,108.613210580761
676.0460669179257,566.7715469067804,144.39047962859038,71.18675016003559,108.8350149379478
497.03490890779113,444.41789927238585,147.788469102419,87.05468606104806,109.31310248177068
612.1652143355651,646.1338463055707,180.7367079970444,80.37328007786618,109.5815389116336
609.5352126491408,301.45764249742854,165.7786171316308,43.67857745724068,109.7963134400744
432.0011834644816,693.4308190045776,154.97761682934637,68.27259173711018,110.43328966020754
743.0900362221205,663.4924847252673,151.5397313438083,67.43685339630717,110.5553140479402
628.2460239390795,630.9943074183552,156.19309924488743,66.23609195203359,110.69179272270124
713.4902562871011,512.4880928616076,171.87464264880995,44.25246087931892,111.4836531351055
468.42103516956814,737.5021149092203,154.89254273003164,52.70618098064599,111.73594935075432
715.0757560331941,681.5791190288676,152.27449244944034,64.93447237775426,111.85452931214031
488.2330092793785,536.7064039127242,154.09480154983677,84.62246506746457,113.19605383918346
345.9711736491797,684.3593058711757,153.33716088589054,49.56663187306408,113.23716517925828
624.1722855079958,682.2648241812591,201.6203830783593,65.07388061679013,113.50462147176648
564.8369362199433,233.47242712104185,152.76269500270627,42.79591011406271,113.70688802788634
481.5298581475004,565.5778597256897,150.9448497464815,79.82922577405262,113.74309046168862
858.0081497257821,617.8483201076509,164.22737697424927,44.28417590723035,114.47780915099248
366.500266422288,633.5077046656907,158.85351126434685,61.66920994812396,114.76790431672856
671.6911894935762,520.1999474088558,154.07904621178025,61.73511307782902,115.14538854534268
708.8078430103167,449.35924756969206,154.534050428146,53.43081474165389,115.717666656248
419.7634534992155,555.0162212349929,159.16899507538756,71.49222123898178,115.7316432093188
697.5774764689988,506.0747456171692,180.72782643174125,56.51739355187761,115.97156001196326
357.7559832759554,396.0102612855272,209.317306030449,55.23144481655502,116.8623400208859
484.8819811722363,692.3847282272083,177.39133986005038,71.97545679581084,117.392783048812
678.1456022072263,539.6750536063756,157.53864630255424,78.69116428567077,118.08127590322034
665.7014973943126,681.9413293185471,204.30862990065484,57.59101218846824,118.50523305502996
716.6836806169343,495.194130161504,182.1556633724069,51.83648484445349,119.96743993567402
611.4198056219735,354.88175082815434,176.38298193093289,58.84471963204979,120.16064945096376
489.70927717347456,731.758085202986,180.97746865774147,57.95795176962875,120.46651069696556
710.8147292431909,379.5847672805293,188.19140889710977,55.275349573993125,120.49221810468244
329.1866630974817,592.6955721945465,176.2997838203719,70.03136744016778,121.2948678754652
534.2197666240381,740.5255167275002,178.91538216562762,77.16019239752063,121.3966561150813
527.7937884373268,442.5849172011019,159.83593520006056,89.11824604456058,121.59196373721672
642.3923199300658,626.0747843512472,166.11954708756846,70.05318337578213,121.8656466320693
379.4055640213494,546.6093696808452,168.106410978811,71.859902517127,122.39520570791608
393.600355018084,529.5310375494548,162.0948927287078,74.74627247797666,122.45234598891771
734.9572204478457,585.7499634805365,172.42155109055486,37.07600036543917,122.94853671074787
421.316847847649,747.3743185738917,182.54213423506096,53.12199085579033,123.26407961191208
592.538587901926,829.9130125194827,181.13980263299817,53.44840058527228,123.48280164151952
661.6711304065776,644.1577469721284,168.50711166669274,50.48046863366132,123.48639611760692
728.1005588720957,666.1319313182718,166.4868303037674,66.18160025030994,124.04988129560108
558.0107727810574,715.7131434288109,193.4773693014123,79.253761866584,124.85355781961076
501.7727229715263,728.3887992411805,202.24501611910284,56.97903054908671,125.3286560412061
643.0364159887198,675.647780252708,202.00084752321123,85.77347618529322,125.35073665922674
502.73494666210905,678.2315820055973,172.07834932911845,82.74388172219679,126.15265504301
348.8073702038038,575.855394707207,200.30361677830945,67.88613087520291,126.3826463416123
725.2105318558355,690.5955295128783,173.7476320150823,81.77413353155113,126.59175553129263
614.3988547768004,441.3649188933436,206.9804969424583,70.90278291170199,126.8750594926497
634.2142517165869,512.3206085845483,214.79204520592629,104.254397904835,127.69478112999828
347.9356841963767,629.1242615191887,180.21879617415544,63.028129498364265,127.74380001363376
355.1450310197707,496.7323977488898,221.57793293076128,64.7521483905585,128.24468995842065
545.65950265183,710.8537276529779,198.1917073807951,86.44264447048158,128.69659103353482
604.8363585821775,816.3221131618243,196.90641202810448,53.65354197592043,129.2850886800429
554.5497025662297,726.571793004761,195.5238966240194,65.48838524620083,129.37564741095173
503.30498773163487,624.2429763531786,210.04972860468757,76.44410894803642,129.9020134517144
628.6777525865622,353.955859565657,177.5197860081789,76.07960139727105,130.2799359427289
434.87572639056407,836.701585318558,201.75018174860372,60.10697708433924,130.74525854860536
413.6953741511144,766.3000970484843,193.36609171517168,56.03009434454255,131.85371202761033
590.6931645925786,685.033424215161,186.43943786252729,105.88231679240316,132.2262200584768
661.2165157313158,554.084569091899,198.53348612834304,89.30303898818673,132.25702808232262
751.9977924740355,705.6589357045904,188.80922994193736,48.33578567453235,132.80345637568203
431.20191924137447,766.1047804089335,198.64908489990512,56.36925271736078,133.81999350417092
463.2797295558897,599.5423219569257,179.0528559299176,86.89400233921268,134.83178672898956
374.4231529995878,614.002645449262,196.9206885410814,76.47848093833883,135.29789668700047
762.6532279571124,694.2048540563346,191.55923762855636,46.54791454763132,135.50069977179058
561.4605871622101,787.178373356804,197.88552452622372,77.20395149262102,136.90223931440724
342.50145567805043,404.0050741546725,266.447408281583,65.12901010150924,137.1398054871248
452.42643179347937,693.0976645662469,188.7659799678182,72.65350746931131,137.89572034150828
515.0435219396451,739.2955262756983,194.57833597999564,72.43997925863604,137.92429963714727
406.9916369944218,631.8080080923875,211.46277818799015,82.53681989863489,138.89384441896397
419.9946935691192,678.5605302333616,191.64448369897195,80.35763724815905,140.00751146664695
435.37259684914943,403.29774885189937,189.40872381864108,74.60088421359767,140.74475017246465
582.3249373410981,630.46536231305,277.32244135241706,82.03178260205718,141.4964159263386
634.2130399415981,344.7132052683011,195.25059550176024,84.66515522775624,142.187566557456
534.8842560409389,754.4380878559948,187.51986034345447,86.6370423610581,142.80395497324625
630.4082276365467,663.670041751124,219.0402154087435,81.97172597189453,142.89287667312317
480.76891711102405,522.2639396763769,193.57561357084128,78.6791141458893,143.86885009126672
660.921981235699,581.5575824343321,233.27632436811405,72.73367796065803,144.32485802130583
370.2752924950162,526.8408120020867,193.25006763755505,77.00751361289909,145.0988274696733
474.2011560505644,608.0004588824204,201.16603471275252,89.35488204045781,145.26348487238425
547.4023601884205,464.397301936436,229.00633415270573,105.8656122574385,145.51401722734107
618.6994685933203,667.8497013805809,207.53871809763427,76.39551819087112,146.130676655936
347.5888141514753,609.8309912165771,203.91733162255133,88.65458635198178,146.38484452901054
418.9153591139403,410.30435968121367,200.19447593428535,60.30449657109949,146.99751262765045
593.4417351405117,659.4959648995235,228.94688567447045,101.59547505184166,147.62069552625394
654.505716131648,359.2187517046754,198.3718581034832,79.49108652802981,148.76730381743187
378.1705500201076,510.1994234397994,197.3633716409841,87.62829451513528,149.04671051881596
650.0905662759895,337.85454351339325,196.92813528636745,91.94673699644696,149.34757944727392
350.5922951232859,425.1712898230451,308.1880096082456,65.18256713906142,150.23780437048964
665.2884206695553,659.1495701334155,234.0712706884836,68.16328089082805,151.1322937584777
648.0831178331808,653.1412901633215,221.14984251326075,80.74864570086517,151.58236924340136
438.5842533673706,558.0089135197012,212.0820100730668,82.2955454055207,152.63935354675516
615.6276461616387,492.1622051860464,245.7783617680869,94.02477626266024,153.60172800328323
480.0428823748796,505.0488320328416,202.5797874739798,117.50357204124404,153.62143596086372
607.9370196446506,667.0674674012719,209.6680377307817,89.69061932259969,153.935324360537
336.8625849427761,577.4451474826539,236.3046351518827,71.2127560831547,154.90315825351686
656.5168078772344,522.3121409527148,223.3103032688925,78.42595684222509,155.49792595398924
525.0087182660909,778.6577773774432,209.2202576162699,72.73876827183636,155.50517624007463
511.3938047571924,438.8918462527069,200.0892888143809,81.80788861372123,155.722364795329
662.8572120242945,348.67445104342085,204.1166192846832,84.53604579873556,155.72577993968565
733.018685679858,164.9844160475901,278.578177435391,51.74139240208024,156.37934073028825
527.7315378440305,661.8268180245343,217.39227783362267,104.77629491448104,156.72980288536553
362.9750707837834,510.2642481358303,216.62326591740865,71.90402550226648,156.87135503439606
439.64692658992914,415.5208662893242,221.0968114365544,83.32604112867003,157.18569059193115
559.5539398135375,774.9959072368918,207.18876067368484,81.7006002357191,157.6115243926011
594.9180236349911,436.3216190146309,275.0904583706313,65.03207902614264,159.38957976623223
501.6576979458797,656.4851797660903,232.14065748859943,107.03037691326132,163.65375932946986
513.8690471758205,633.7357289065889,242.7731921254559,92.2964836357892,163.89262184278024
647.9449637193308,591.795046479873,275.9691976357344,82.78574901947391,166.39042799516665
591.9664011837922,587.5313589717949,254.3515415757182,100.7152644775075,166.58292864835107
503.3675802885495,642.006117603845,261.59564164074425,102.46730640036982,167.44868917273644
416.9001275124953,656.5562866051407,238.6802592230882,101.93679827651556,168.0762396816897
493.5123502811496,669.5577311852192,236.0890630178874,98.5552980106866,168.10721523152847
567.907775621498,689.2122093215767,241.76194328314463,110.44290097599806,169.47268136030343
611.0808441034806,605.6142523612823,260.7302308988831,98.29285174253413,170.1509784820967
558.8999527069683,570.5646294199444,238.59905438037305,119.73713059644386,171.20778631005237
459.92914429442,447.9753133768138,249.87782222473157,99.26576168452964,172.25220914331393
470.6790941124748,671.1233437182602,252.74907099841084,116.62588885654908,172.57133339844452
418.7198997893752,633.9248024783071,245.36933161293544,116.44279426352928,173.64176895099808
608.7221434973701,559.4484240052006,246.30021478498983,124.9212688733528,174.07133896098958
446.66806574798255,629.7423642749795,241.58421533963636,122.52671426901432,174.23130507610597
535.9985053157898,650.2858777495449,236.21728136747072,113.4023580492327,174.2610058780676
626.8361131197568,546.3049556665537,283.30809887686405,109.6950824531263,176.64902715369976
471.3375243469882,627.4418986019734,261.52255331355514,117.0894046738478,177.45967982844678
588.2118329800815,448.5379090635171,290.8852346902202,101.74884884759292,178.14601651290607
478.69298667004017,646.2308533016492,274.71613542878123,117.33329978680064,178.1879715531945
463.753561306704,655.901838412636,266.00059515680624,116.88410795311364,178.6367319632066
533.7810344194663,607.9354349450539,239.2236194327573,107.4002083247873,179.5540236343421
547.5918580146437,688.5658225253775,250.728191184368,111.7664196900845,179.81580066783545
523.7168950129043,455.3643506679524,258.5375319925043,103.71978054812016,179.88024577615022
437.8583223904586,618.2136987131969,249.7107890342257,101.6816363227757,180.4360536587098
444.6123264402975,542.5080759247215,247.31692538055148,101.714780697709,180.847140448055
585.1095895463915,576.8927657891403,241.28743972387508,118.93032904674496,181.77569699888616
637.6007751635522,525.156611257938,293.22047730386294,101.11864635351772,183.72113476475545
540.4445740322727,786.4848731480448,244.83158494611084,80.34529396219942,183.72517071877252
648.9014478350606,535.9501658402431,273.82892356109835,116.07537116631268,186.0310920713805
546.6299228670628,627.421847762551,252.85023067033868,117.77197852360682,186.4768629073634
570.4455572809012,464.97005495132106,329.7623854986752,126.66827373862426,188.24430572277856
500.707779803494,577.2844152955337,281.15228715626404,94.62164530257137,188.29198171831368
451.3260657510083,610.8854890049199,261.2660506827968,107.31866709583538,190.64609564759817
538.0433979306204,768.9565750817243,254.03125515611103,95.9141299550346,192.518093036616
505.850248864435,511.3984009013666,271.7909664431714,119.3238905213449,192.8373821830889
439.6096326220234,450.609763073478,257.96725258497867,112.79376080459063,192.98513665601087
440.461275474914,671.9366882336797,270.159489357568,121.14925202062513,193.309134099694
576.5272098855233,556.6762496346543,291.19728523887323,121.8201932430831,193.60315145407645
752.894033133596,217.26393329287484,430.4618110817671,57.491365850957706,194.1274095228478
765.9529304647544,207.25426325127327,431.07286674101465,49.72937815391093,196.70061225554332
456.7107464288325,679.7940879816159,294.34806215208675,102.11953310635036,197.62126689055376
627.0746499002786,605.7165245227333,294.8858918215817,103.19075730072868,198.876309876918
431.9611467593216,482.2408833262456,291.7566590002043,94.58655205720147,201.408182309823
591.1271811204168,472.6587676779949,326.95041100195874,105.2294278693722,201.7262388934321
622.5262691001766,532.0608277207599,314.6148037158312,127.19380241826757,202.0875115735357
584.8588470792399,646.8190148367165,356.80001875871847,108.1346703411796,202.67547095137556
474.4734689851416,476.9632733457412,314.6491732820274,115.3366010629891,204.55892717345208
546.7537884459147,480.1162985996648,308.1942891611658,125.65104967618494,205.0788122538407
560.4933455179548,626.7871106966365,305.2161120162842,115.43483577809891,208.91299405170432
458.3257472849154,497.4817198937324,313.5170280437105,132.4698393854968,209.75479263320716
638.1392314191281,586.856944108809,344.540467616129,98.93348165157629,210.00846994502248
541.7284006680526,671.7111348259297,287.8374334177195,116.953784907446,210.5329437976845
511.7757544115199,541.0391734276475,308.5550236619895,126.3422548757543,210.72929343588424
543.164665311113,558.4378152782715,300.5856752882411,146.9562589689224,212.98234208912956
435.23052488488366,467.2933272248616,305.92658031607374,112.00710110669304,213.1386836873137
536.1325899027474,528.8524351726404,304.4121106235682,136.72951148225474,214.19200193728332
554.0873832697163,494.1555629180052,322.65549314234045,132.6007685042157,214.6410656241889
577.4524751517355,661.0287162094464,324.3718519591864,132.13622396171203,214.74538386583413
508.1450662711477,464.8419781860408,317.261563720274,123.72985166854728,219.59735885517892
612.5206636437409,585.5210753772844,327.2299597891968,122.60368077005238,222.07609557866743
524.7444211747585,489.6604395052013,303.87710394552664,157.36467563402869,223.7981395620186
547.564660299137,602.1417800765282,296.4612728686795,118.667197245511,223.9468225869929
589.1514319562235,560.9502350249694,323.368626008855,122.0841736551556,225.9067196840712
508.486969419395,558.884311186099,332.9712023883334,134.02618711567615,229.27019680000697
623.4595098961671,592.699562978672,376.463476238007,108.40747080435918,232.12941584573173
538.3455967276242,594.0914366156978,313.80150975098115,125.71503213963496,236.6968645006928
498.1042248127587,491.2173880903626,341.6413297815368,132.0778775690904,241.37907340903664
522.3108505084775,510.6203600958014,340.380808423503,131.7217559568429,241.8699402043308
564.117679704626,668.64179914366,341.3535537686099,142.99140645141736,242.0148085934571
568.7817881206099,639.9999421420697,378.0844273720559,126.93797446177028,243.0149920711717
545.6247297147352,506.9230146309546,334.64192482259114,149.6952041627376,243.377633518258
530.1422347616901,585.8017660295128,336.3293047319339,137.2942255325448,244.9491855211865
533.238832980845,501.3195869705233,345.3997476843546,142.82650545447677,248.1621874749572
449.52342210063534,476.8435124331918,363.847141343096,139.54890238817697,250.97818933005095
512.9956524802233,570.600547393893,370.1980779721789,134.35233338943058,254.54718625788828
510.4758905706061,497.6994648305673,360.4777038086117,127.98497878025653,256.0027462469687
557.8033320040455,654.6419714036715,372.5772555604501,149.28377475702175,258.2435185636545
532.4338323710576,567.5097073135253,402.8482020094712,156.46384267688973,281.0997742743556
522.1808024930037,555.7777110426694,433.2317062347355,141.68039073211818,292.1211569431177
