X,Y,Flux
1001.7260992565972,4.2760677536626375,0.8878536699568889
715.0143128828098,8.186434446950452,2.9422173798049913
733.5451871629483,17.46229566157643,141.83156559337655
3.8078573863959955,19.17782939121103,89.97616955796204
611.1299538229009,13.195339266024309,1.4149293103737801
932.3390907949483,13.132760219888485,1.6600892399996874
34.952468643153836,22.532909424159968,99.77571283618734
1022.808816484092,19.537167093452474,0.9171803382429301
407.13694010190227,19.14273052779241,0.7556350648391899
812.9816039434284,21.508193412115457,0.9922992400462097
291.00271740797706,22.981693706559213,43.394526754253036
521.8782275955876,23.85431099444603,0.9409282237224533
691.0037747223056,29.919969918706318,93.93737565012106
608.2140019442238,26.801866147274637,0.8621320751135159
1005.2752735149917,30.09382275034441,1.9889735097714856
229.99001157001652,31.22576581356145,0.8513811938894108
398.16494826013553,32.217992886989855,1.8086944904384612
542.4951967480697,37.99604349928052,2.175398359514431
645.8891880556646,39.674072561929535,1.8936878424158774
532.1068520723273,41.53559496070697,2.006319119257823
152.97779764335417,43.46969709480131,1.2134918433961823
474.3084182285975,43.31027111743654,1.028553322688239
573.3487304833694,43.459567241239334,5.805239596828116
747.6105726641046,43.89816339503157,1.4645237556895203
927.2964876398295,46.770550251326625,1.9868041267222802
410.9397666728169,55.93645171226906,123.14497514757602
373.75643514155047,50.445398114575575,0.9406904858049283
497.28871563531936,52.81328065021134,1.8969012817821462
585.0901450021063,56.9835568051334,93.26305073004461
445.0174831625859,54.29349979957826,0.8852452519967301
204.53457546101154,64.54280985595173,109.85772571589962
121.02219696290025,59.01102438760452,0.8312774011501259
873.9443707354899,67.92903291600956,124.42990512477641
299.0539552885171,70.87530964766505,124.46152935236822
474.85319545497595,64.3793566248343,1.6192631976176197
980.9744551433305,63.01477166633752,1.287915180835586
239.63715374419093,66.37728996029462,1.4389014397108209
445.9544628000443,75.91360140264166,158.93329359220175
254.52971950872742,69.99688526217096,1.5274107802492307
653.4987330894239,69.98277410105156,0.9156138635148837
187.59931974567456,76.08825761880942,1.6851883462171944
347.30930699787655,80.10206050496117,1.5619707982568911
670.9771018028331,88.92706050996142,93.60908209442393
878.5222038471868,83.96807679783011,22.56976431274661
841.4646151926931,94.55970636882445,208.1443531662292
170.49672041252094,93.99689224920714,101.02505945941206
56.42765555671304,98.06622781100822,116.07083856678823
822.1256875347475,92.32259754592319,7.775538382818381
116.73621642266411,96.50674265384711,1.8359985559375172
877.4536449499601,101.51822102006507,111.40736193533037
275.9663916937313,104.53320764012854,152.28291009253047
97.80668589837963,99.82396064918706,1.6512249699767902
724.0312783468308,99.13830960298625,1.4547629602790513
659.8602502208623,100.87264650108956,12.306490208696442
966.8849751381789,105.66285315270429,0.9660994607958173
205.92816269377988,107.65107189821806,1.1594967061739614
526.3975417084486,108.08683184451272,1.8195174065975162
397.05819911789064,116.05753340123118,162.90004531653435
826.933207895889,116.43777604933787,115.481084789813
773.1719055836049,112.631609253901,1.8528609005262087
697.4032480134316,113.10261638695216,2.282782200418546
436.4979234461658,113.53518427644828,1.7606929259970416
581.1566594175508,114.38363381286098,1.9929888790790216
1005.9503410639448,116.70647360121846,2.4816859825981537
792.5471150862735,122.52926895866723,110.5659915684765
275.51933161394896,127.94777671993332,176.73021321859096
543.4697194321017,121.48382654605362,1.409534682690625
101.1067201108026,122.65872216020516,1.5049661702733421
611.010723177619,128.4675877218797,88.63850091613297
206.83585030792693,124.59567063848496,1.315464243105658
925.8673025988898,130.99967176891047,124.647675700921
179.81492716071028,124.81780387809165,1.1319590539426811
975.0705485633935,125.6239113234433,11.29245204321358
255.3828890275223,126.8810407399037,4.450162987316742
21.558192383487597,131.212002738742,2.6492681884444615
486.0052917689726,127.71577736938724,1.2889115805443692
966.0600931046469,128.64843563733726,1.859437480843139
988.5147584300629,134.9914350853263,88.42781291758384
93.74345958823784,130.4479207679443,1.5840616913476964
217.96338218894834,132.26941664342456,1.8652463627358575
852.4327936259265,140.9768997136366,209.59960825332655
33.13310306906776,134.91252843962695,2.8209772322259763
112.44492548304757,135.6909067164076,2.6779052282622087
505.06592658785814,139.07397735484847,93.2669491843377
364.9757872837745,142.02801531193717,125.80984498986179
785.9705856103053,143.10670662459793,165.2304172612026
210.9423235876757,144.4134040857787,1.942989889439559
945.3962539316718,143.40431233711539,1.347410512780347
580.4906263831965,152.51474051886572,210.06823039326352
177.46325449747255,147.11456423044638,2.192539664512002
152.30267693830373,146.30141623855076,1.1392578357896221
243.95832428393513,153.95590166098748,94.24175154081128
658.0931587935457,155.45385782119877,151.47538380318773
838.2473059157074,149.35858406920028,33.042237061850855
291.9212295439637,151.01071102384464,1.6606093469104972
482.9926421837529,155.91327716213164,96.5172680133951
695.0124844291058,160.18693899764887,0.9254022577466589
964.9743624973918,168.07381595330546,126.50445524838605
71.5731187273574,165.60828322594278,2.1563822173594365
878.1083796864039,165.27728332492387,1.909152281666017
269.40958917031287,167.17557566181588,1.2835452766868933
7.365166775828038,175.4509980284815,142.33928850782206
598.0789954545621,170.56599865712505,2.608566722400711
219.61397231330272,169.82636299845484,0.9100279608363689
622.9742536389924,171.70664057519187,0.9310670924619886
485.97148822401346,173.51177013114426,67.0096729288877
607.6530947322545,175.74946487464922,3.167697695986487
550.0939422735374,175.98721435804725,1.2258383069081717
686.2337333153804,176.9611623575278,1.8294937958528867
868.4409584861054,176.95429113121372,1.6678513691042165
502.331430008637,179.60317433628998,1.8132623047410577
104.22110162012669,180.62695485111766,1.3672816243372208
950.6600240594563,181.19832052388088,6.543339732712634
68.84535017540414,182.17545682745526,15.88292542312163
851.0055430951619,192.99201965922535,94.98481106789613
75.96037808400635,195.95794441543512,93.7394060651708
668.9786110815129,196.9691988533781,124.76319720015232
232.72681285087054,192.84554679737218,2.306684307664427
1018.3152324754292,192.81844735999007,1.5606818865281438
495.2195174212342,200.48884356000517,171.3275091109186
801.8335938531042,194.85669150443903,1.4094500189332642
511.080265558613,196.2721163878892,26.25312708098056
577.9869421037224,199.97549926853944,1.6798520399397334
27.233915115479668,202.6657566502522,53.21885771675001
50.479193160973374,203.56334408043492,1.829701869827992
159.0117945774603,206.38867104196552,1.9343922995620773
29.920452402080567,213.00808838531364,94.42836071816703
141.81868956649436,207.80523110076817,1.2774645027408775
652.9678589583074,208.24344486725278,5.1934359127049685
1018.9600706125998,208.66415535602556,2.3219899505811825
74.19162876021691,209.02253259484834,34.90033166050241
838.6865403354399,210.52233470825658,1.8420892056796774
723.0117359786282,217.98167347995616,124.2582498135366
799.2095684459574,213.57814277625175,1.2304754058276879
177.39805960666476,216.8885196526193,1.1491012588499105
490.6179478705941,224.5125291564291,201.570257829521
1021.9595835272895,217.63536563901042,2.219956268539369
694.4639406797036,224.46047710791495,110.08154435717212
420.0896379253656,220.35188729218336,1.6353567209354782
215.01534117895824,225.9122401620486,93.39361118329154
350.06026240633213,233.12289354799614,144.97523441095782
380.8522823653876,225.88456806406734,39.0217694255028
470.18668134873224,229.50422049486255,3.4437318917183175
619.1559190512264,230.24789393774162,1.105684087063082
324.23235797843785,231.51575710611976,1.906433774680162
373.0547096647196,236.95970374416606,126.94625676188129
938.1169775075075,230.73075605631723,1.6722619146177264
868.0437084015488,230.5057969590146,1.3244787032293568
89.95865024681433,238.02857013554967,95.25606292182395
458.38570740148367,233.11326981188935,1.1755692640054216
845.1600706927491,237.69256020802237,2.3109675196243304
605.0111930874381,239.03375114612595,1.2787305008020233
858.4303977778773,240.4547900122617,1.9162598933021888
57.60879718306737,241.7963040121138,1.1361292553893054
241.01184946625074,245.71320890766302,0.5141140242728677
282.2019246564337,245.79843739910785,0.9992891262771265
144.18019009460946,248.81898624542768,1.8841499772123596
319.3536894819558,250.76303378773056,1.523633880690175
939.9740747946247,252.49633944396624,1.0874272736527704
334.0070895997114,253.17468786974698,1.2853600583598144
1022.8080146322569,253.04593094428583,0.2554388765811295
659.4664632970351,261.04499328364,100.6852768055552
369.2832311720117,259.7279106719746,3.1791826017858438
299.3892069754033,258.7940571437115,0.9700544474707296
613.8886932120316,260.8043167055018,1.7356370054235926
685.1315807397525,276.1083546164262,163.1828100392496
282.8512619918849,267.17844225726043,1.7069125131170952
539.9379252964075,276.05313899423834,164.75019548635123
923.4851824698183,273.98223693185315,103.2010346926876
383.0405452514282,275.46381867634267,100.21161764318987
824.0238497777302,271.0375979631691,0.9279432026464821
770.664441163463,271.90223222671426,1.0298197760732735
794.1261715050906,272.144494835337,1.1280364244703194
165.03766088460208,281.5429457226242,180.4330466295404
644.2402472473345,274.2584357016115,2.7241571474162205
321.1558818936448,274.8582604958622,1.4296037605819136
860.3182882832986,276.9127232308597,1.3866767035567926
286.976450544552,278.457883024256,1.9245594668017139
479.9142860747205,278.03177051348865,5.88976855644091
1011.5818453923881,278.2372597063267,1.2595804718293226
899.8073600594104,281.64148476944587,2.0453126978049703
229.28962628277623,284.05970442743404,1.1750277180958641
436.57197143428425,291.3625021539421,142.75942994848663
46.80025316440302,287.25786052863486,1.4926053531924626
857.609986872925,289.9303366440854,1.4677793553841583
961.751404549755,290.62775738677226,1.3658140803270857
180.20032992031682,301.49007199493553,174.33837723514256
392.62654847286785,292.1194503725881,2.945938202463089
449.10568365051915,294.66621005271935,53.16608987901866
340.24211141520755,295.53062088356495,32.71495179601464
545.8541973255856,300.96849243404256,95.20398286216923
609.5352126491408,301.45764249742854,123.23762038808586
792.0089596801416,294.5021309785193,1.0022584693105194
52.61411384461811,297.24561275294025,1.4552622710341456
875.576913524329,297.8823113984041,1.168167019704979
731.362965750688,299.0690827558543,1.1048358299136392
312.5040498960993,308.00403247216445,153.65172665007506
827.0635343098342,309.0703895689381,125.20904945517995
145.9767335917814,304.0443108079068,0.8503777386975425
651.1805605063971,313.02465562756817,167.84912996404384
372.45686961504964,306.6003301294741,1.4607014503452527
399.2040961469591,314.173068126824,166.0363218007985
449.4989780042921,306.2600069812433,6.609836759036456
84.98423720231234,313.0016122533011,94.72448395398585
279.9778847762308,313.47505046285386,118.32752180591737
35.21489573621789,308.9259745893744,1.3666478929362589
533.0066879907413,307.9725381176338,21.2847805221778
211.84688487534655,314.1585311119997,0.92032397143099
564.5700788736947,321.8785611065578,151.32483489106295
677.0939902912206,322.4225105774049,174.44541990732193
67.9354367536049,317.12955473440627,6.221501432635023
724.2996991403735,319.98803815379557,2.057445566510218
108.52956429119486,326.9574476186941,116.55392093190511
693.6686241091143,321.87598036359356,26.220706104526567
350.4768067515551,324.9469207633816,2.0045747939632292
91.70872376493953,326.33512662111644,31.48920575743711
337.47244092297507,326.9973971725294,2.5212348617136486
425.98334730088607,325.9983209082026,1.3753407758865075
726.1020938318493,332.12860582025326,1.9914033029507292
376.53120690344593,341.5627758291222,110.3727954191905
555.4836540872409,338.75288108283524,9.50181411889679
1.130811195202045,340.1823177193262,1.2686056841863376
398.98003592273074,348.4729425992524,117.71942394701246
179.67000044537718,345.97645227884,31.44342214300179
447.3254083110985,346.00813621739564,1.5014862949517207
838.5367064185308,351.53350042993213,111.20280701918918
25.586055642905006,348.39502433558516,2.3876315359417903
764.4007607787819,356.904347305449,136.27277081311436
364.3977148153117,354.2697491184846,10.787065316517307
90.78431794699824,354.21942130240865,1.8324530266666605
384.98927443330945,355.38945760876805,38.56081824931136
337.07841356469544,362.8657689855848,124.43548031432529
869.5485609311576,362.4524704789115,110.27610971963219
786.1205346391467,358.2420314232022,2.755056614810075
490.8813762973796,360.5555766676913,66.41565443579927
270.1568690876133,362.65896015079517,2.307948147821563
792.1818830624422,363.36830618096275,2.473845386665813
241.6121879317119,362.8704327276727,1.3653661956947618
429.4064067728093,362.7902651912079,11.801019182171295
417.2901771958216,366.2952343312137,1.7907277733649787
481.50654791360523,372.00187267088336,88.71247531527072
439.57574493867986,376.4349162203617,108.9651704381988
502.3592780994166,369.12977498034377,57.22594979859684
378.02526787320414,377.46391756526384,117.43043707156212
531.2229068732547,373.37945530935644,2.0775283484127574
840.3035141940021,374.87956992128966,2.013116915359497
609.7913536282354,374.8173236532446,1.6011768176970929
226.99424978391707,374.9818739058024,1.2508240964432489
518.9556051498411,377.4190599304831,16.774122151386013
653.5640367338477,378.3808447536186,6.599904081605476
8.040772546705771,386.0888494740005,161.48538193488588
903.4613771952187,384.54432145530956,110.52273857795903
464.6359526240654,379.5280698772043,5.732035278042509
687.4898148556684,385.0771259987896,102.60353283473516
925.0190881068203,382.9595577454679,2.100536789075844
216.4882323500143,382.4491376943061,3.61017259017147
339.8388021517427,383.6808284480712,8.287771425462179
103.06575661956721,389.1857904180878,2.1278253216444827
148.0087411191206,389.1350494160527,1.3987218928739176
830.5460971532516,391.86714079350554,33.64650680112446
653.3983722892511,403.4742096716091,144.12321729245838
926.7672031828363,397.82197987658645,1.551057674741975
766.1383128174767,398.2348181894633,3.9363949030590892
327.67241144042436,398.9129287469886,29.497936720992108
305.4886917583033,409.94588478837943,164.11565839689555
453.9449771390512,404.68402634395915,40.8787694146548
781.0354738752417,411.5046711017,117.2947752177414
30.62046735135513,412.64169946920623,107.44371695657904
611.4656187979909,406.9826909717791,1.2684103168078276
737.4267432709186,407.12848456868704,31.68795127484954
885.498064885016,409.0347683850596,0.9952993968503937
905.1794227325499,412.90253289123586,1.5010260680036756
12.857993947384355,414.5259977228421,6.5329636355719
216.88711975457727,416.0192852604548,1.1242613866307758
1018.0341488782104,420.4984369555297,76.52014126986924
813.6609609212726,416.44853481105525,2.0156671188139903
832.4332829127994,425.572950983828,138.9174907772135
672.8267298286094,422.1792258406825,0.8741441717625075
651.3271645652524,424.277258076782,2.214667061520062
885.9583050484102,430.98279154981435,126.22278850196177
477.6952275825568,427.13044612612737,2.136182063112926
303.2346713529981,427.600128219941,16.923035865838113
216.55488351013562,436.05310548489115,135.18015437117498
130.58264711720886,436.51513830672974,109.1754529911165
394.2152439515873,429.59507988617526,41.814721087670065
954.4844820438854,434.00513303683596,1.0069562698030299
391.99907471154023,442.50585620418997,116.30077214006667
800.4327846387121,443.5224529906377,109.6970588846532
979.3129636713038,441.936605257897,2.339783900082228
241.1735977734898,439.07299706372015,27.817934911926518
352.0885663101963,440.975921262746,47.00688570491844
191.4658227038502,448.5351987595853,141.99293161554485
288.4942223131643,449.4941404310758,186.91260003509254
788.0612282395767,441.4909662682896,45.18836041422718
574.2269342810937,445.6813755372157,101.81697503924475
246.46577384945974,452.543505172327,108.80856702770649
371.25197776188486,448.86205180229314,2.017021741012561
264.98611621900653,449.02400454865614,2.340814617623913
864.964315028292,456.9688072325467,141.81742057317356
477.9008847129206,451.87883911556025,49.56667252775454
55.45566281180669,460.59338348046,139.38978104186953
1011.373847876153,460.55265128612325,142.6827703853393
352.94965020725857,454.95813363767576,1.4941191982885373
646.520787846135,463.9631354217069,154.8982738662271
985.2276853823499,458.7571836378652,17.698109983872033
968.7304104220655,459.03976397358383,32.89507741285222
109.66348622320541,460.7309584072772,0.7202588784234432
397.4411436075654,461.7496924640733,20.85182384547098
974.9320374161838,471.93653955592384,124.93886864445528
616.6118757416189,467.44669759210655,13.08392067352416
708.0747948412966,468.30440658661576,1.0098912872959638
419.49852335993756,471.02104010807494,62.02615784312885
382.96641814406814,478.9636620978705,125.7659028179601
149.52019891178628,481.3590976831709,127.38835982564571
893.9550344731008,474.5012025283581,1.8368346522530035
1014.4861950386511,479.0904035455903,5.803063658931753
257.60369881845475,484.22301806104554,1.7952242919755956
226.59255824202188,485.01089106540377,1.5933878420111227
128.88577891731407,493.973638579665,124.3796573753056
874.0004239127647,488.1820531777611,7.186095487348331
91.96636207713271,493.9598737879422,93.91332622371237
912.2869156188368,487.9646580272016,0.7496727147048347
673.8415636264434,492.1588675837502,3.135354303321295
749.6504699027107,493.4059760675313,2.5474326957602083
888.9028259503942,499.96688010330735,124.17332881184633
54.53405275848236,504.0997055814217,151.99588354261377
693.8365717026097,497.03518625543825,63.27766668627529
837.0137693673714,497.29248952277925,10.806210715587687
328.9917667247626,503.4885392129864,87.91421069296716
399.5417361350964,506.5287741225884,111.27568371768213
750.4758025844634,503.3782011098138,5.998871956879088
697.5774764689988,506.0747456171692,43.76109237428829
951.0355730047193,512.9727787993438,94.9409327837262
652.9940157340451,507.9980487315121,34.66166103890277
634.2142517165869,512.3206085845483,45.73255170755351
21.627590200573707,520.6661392115336,158.1309739841654
899.5266042370736,513.5193631837717,13.58608019014751
931.822836332743,519.8869265313598,1.3026796334442048
987.8990431686038,520.3754405867031,1.703595046468176
1011.9927045351204,525.9905858150792,128.94615339795843
309.20371296397127,521.4478001647509,2.696334193176348
737.6244417694768,537.5638514342531,46.57161960509636
815.7659517162962,538.6283555328945,2.1868439466649505
463.70382484545155,538.1461076529861,41.961122101375665
849.5321665612634,545.5206363038039,146.73573955084424
724.1228005155562,546.1339393998142,125.88459509899047
910.0374381980326,538.6922232278478,2.082492428753502
961.0141334823392,543.0214532117535,1.0556457190699182
909.0635700138828,546.5489898935907,2.0834551043273635
797.810903130698,547.6101317725897,2.415942621096711
762.9998410452124,554.4988451891863,116.08956862742212
9.493561703066351,555.4355910486482,109.56361603303063
739.0265069218433,548.9758513120485,31.507493800972487
314.77442767373543,558.8324462451947,131.49272079525613
695.4792863953219,559.5955031614833,182.61866960469746
1015.954413775902,554.8475189421497,1.5066897482010764
883.0122560418507,557.5402403584985,1.4155949425264538
953.5424405089327,564.462067682227,110.79853409076787
384.9476318580204,567.9974293204066,173.63531792094886
246.54360180694115,562.5032702389525,49.91774498669865
789.103517744178,562.1543205340973,0.9636250148392832
272.4074753380798,564.1079635238455,15.650152061238211
35.06425331476472,566.1492825468387,0.9248112099792185
191.85148198249172,566.3160368342493,0.6112477672300854
676.0460669179257,566.7715469067804,16.656389795721307
440.2998546205532,569.6168909450361,92.12519542673441
911.0805716099649,569.6543024498864,1.2597929876917038
809.5158709589459,572.2624832562982,9.178653932052676
112.66401928957171,582.1022299498819,146.19891777313396
258.46589098665356,575.2394374433557,1.5635532574170083
989.9544152104617,574.4610579872789,1.0865158238350332
415.3485731037624,584.4385839574926,143.850154047175
389.5550975691525,581.327055482948,48.12703976974529
935.6066014897664,583.8636642221927,1.0618464923470685
961.1071669341469,591.9654318715019,167.93291405312087
267.3899841553716,586.2517312553992,3.3308366525918522
276.1778958896041,589.270597540431,26.360095372063988
50.56481205290561,598.5689566585509,108.01609803494021
981.0791450408527,593.4712478584465,2.703190730859948
1.6895368410068432,593.0226626970388,1.0182762018898857
903.4630564538589,599.5325874453199,110.27776416112373
396.11498890071755,595.4139315809626,13.047992668047543
275.9481506685768,604.5002999797547,118.51127264967009
299.54778893517624,604.4641769503745,110.91918622605183
499.8817837669784,600.2887064707483,10.804423284616217
675.9410970785121,606.4239165494461,120.61917065607003
720.9988791440123,603.2823419076369,1.0215861214064024
593.7011357100077,604.9881240329606,35.552583043876815
1006.5332685554109,607.5530131919959,1.3237053597039727
152.63377964517355,619.9955079851071,133.64355985358876
188.3122474436809,615.1032324380768,0.9531694993401192
1006.8144137099163,620.8858413673868,2.002853954570193
295.473234914917,621.6116275838114,69.99844868121286
959.9873016908729,631.1012497599239,238.99995354374914
273.0009159306102,625.5030169484188,29.240742805964604
366.50026642228795,633.5077046656907,122.33609504606211
612.9845964882944,626.9849599397764,38.91397838379845
666.3730327948008,627.6608779838429,19.646387763914017
688.7936231225264,628.4106614638662,2.1247363173546696
747.5672056411678,635.5202108798428,205.25355200970623
141.4527855831648,630.708558150338,26.888961194262304
810.5004467243689,632.0236732938146,1.4186842059168652
277.01082618789457,641.9410176726748,215.72020431732707
597.249269692237,634.2736985367775,44.717085369850736
114.51140729822939,636.0409356888905,1.1550892680749048
213.51614362616328,643.0154030247925,118.66239155869442
235.23052908559166,635.5842831322723,1.0610401031008962
392.13253051640123,636.572627300879,26.82047919886436
41.34646104992069,637.3542263706781,1.5575378918016103
612.1652143355651,646.1338463055707,8.67135598607769
584.8588470792399,646.8190148367165,120.15088380820976
333.9152016044931,650.3110453116215,1.914285446565939
953.3245770600686,652.986033358739,1.7934807429124422
109.36230432366052,653.4983805067179,15.38803067319555
697.000582557343,651.9619522986553,0.6601945129198681
764.3099083251424,654.651564495014,1.5072433870545114
14.798248361739246,656.73923413806,1.1938373852105462
879.0693607353747,656.8626539236664,1.5705240230150437
802.9809428122616,658.6240519311858,1.7752054815409115
841.4078369386707,664.0051777309205,136.26927477177793
385.2694404038635,665.1250840702195,113.68726634460715
205.35902626317318,666.0303796247748,133.51127020157287
683.0168723984925,660.8013704126627,21.368405156327142
99.94587162995899,667.9224884277114,124.05967807047882
819.0274557120237,662.9910395097816,1.6442641331027672
858.9184399263108,663.9904041183609,14.652433133593451
319.65669191603695,665.9867162230831,30.54153404366728
115.56145023608003,666.6349090707535,24.436835542893043
927.5311654213563,672.9658370009798,119.0443930174256
688.7123289007623,667.8930598084313,13.485260116800992
295.37137479080957,670.6053425722074,1.9754443798905867
307.2403758491788,671.4435547268038,2.1440716124557153
54.00533479701733,671.8153777836676,41.09996981811074
364.04346177559495,674.0607311499735,6.090185064154725
643.0364159887198,675.647780252708,26.42927652704116
912.5027240323712,673.9678444368474,25.957404267708746
957.0685789369928,683.5516618594246,177.69172629768832
700.5882443937265,683.3656141477295,26.272346511331705
649.9974111886503,684.5265290594009,29.079837956429024
993.6004357299777,684.1923076684519,0.7410219804099762
75.45874010826608,695.546379653621,147.712589654075
206.71237088809553,688.4902294385856,1.0849923791536795
524.0728175465193,699.9449217901412,167.91916363364763
633.1523603500247,696.1967262121024,24.368008269588614
244.88879921942072,697.8152495495871,2.7559078748884795
37.408765370852606,697.3697913389162,11.42707526069907
254.99348132043832,698.0326546722891,3.1419457370548
304.99971239345354,698.2225899733727,1.2764467200448
1009.0866562356972,698.1437655853549,0.7946595032048724
267.4423855588774,700.7467486802475,1.592556139540861
943.894079952763,708.4386966453881,205.95170627562047
175.98567604672124,705.969733671142,2.4859849488431225
500.63511835763825,706.584318498982,3.8762120313228055
835.3913417902254,706.1932852904403,34.87608918038384
858.7590075762017,706.460866157001,0.700222422322163
206.0605984384348,715.1037157909977,94.94701358728994
578.1015789001809,711.8331482507793,1.8359591644367954
678.4838289260312,711.3989857932512,1.8263074616778654
447.15623228896357,712.9931619773596,3.401146432534139
898.9582744091292,718.4660757076662,103.71475054162696
690.8862886398396,714.6370982127354,14.817762614193507
820.520164029652,721.6526109311982,145.35176589240592
457.0661254969582,715.6235883120704,4.9711639248301775
172.62546008122777,717.175679983347,2.881554560213113
86.86472979988292,719.0973686954637,1.5922442873317904
146.9530093729151,728.4390545477734,134.87152089704497
912.4451490421694,721.8718732806174,29.871388546799206
21.342655841669725,734.5755225744174,198.33717360130834
332.519243351651,736.5115445959359,111.07948692334713
45.993250354785246,731.3074764394353,0.8838597339278681
221.34742667168396,731.1262435039775,0.9696439426898276
673.0174393046852,739.6279908735338,116.80516254182999
982.4337554475209,740.435899481226,108.17410008447155
355.37932395241205,743.5119269505462,143.84403018906679
933.057627097529,739.8123245918692,2.176296985548725
260.9946304025046,744.9200073806297,96.10476628511122
372.39324086057934,741.8267781639651,19.508773483215766
144.79537356258666,739.9762926117365,63.32351746185823
238.0189368809012,747.02180824669,125.32838857784408
1021.9476925519682,746.1893438121433,11.546138469697729
384.12940058625924,747.596673622985,2.7529365586515318
1007.4976677447922,755.4463119405723,112.0404657214718
659.001446552729,758.0000470146072,127.19343473700722
748.0369474142375,752.8736406631234,2.343348787892004
111.69139488969094,754.2607561728374,1.8786855969061045
671.5426701641875,754.2301791267018,73.70994228191881
270.3243903044398,756.8770462474739,18.120735310117563
494.1478839858754,758.1521086884065,29.87279407975998
477.01215911638064,760.6836441792798,38.26885656049958
83.99036997719314,767.0871052361081,93.87914642446356
682.5755731473499,761.8461360694063,47.215884456207746
776.5502940729353,761.4635552807061,1.5530785638677564
897.0138277747678,770.9453511346381,127.74020148652416
605.1805533397013,764.6063813305923,1.5692343639785356
4.025084341866542,768.3342198222364,1.078960074888479
385.5642708067009,774.5723603989476,145.40346959299364
687.0032172941815,774.0025552291957,129.80774359890847
637.258425192115,769.5337289639201,1.595927037430199
873.9807378901833,769.8319695356945,52.84799442838694
144.50764894792886,770.9795340714941,29.720397131859407
860.5079230059075,779.4312040716743,147.45665710726956
654.5841623400976,780.5089489616049,111.26647158660454
298.6897335580887,777.197177671404,0.892793291482939
826.4251548076542,786.8462549858972,215.96663218002246
142.41549752142583,787.4430464426451,191.72213644216288
876.5616471384984,784.9157951100775,18.634652108595656
737.9496652006962,796.4892964725166,178.1359876244797
438.0025425341278,796.0584610609907,95.80206889272763
162.8376646340631,792.2127255930059,3.5009512626578148
407.92509365939037,797.0003658736265,94.63741887440813
602.6281255674237,793.2217683636115,3.485868392993596
10.394191955700208,793.379870025327,9.736547644529148
925.4420563947665,803.4366725492856,146.40213077200693
871.1364542381001,796.8388513110602,3.9610841348451546
681.1132883410489,798.3129223778169,1.0134529404183983
912.3516817538573,799.9535186145087,48.22842311789027
545.3781332849269,805.9961182171185,105.40175528065569
823.1018149101141,807.0907039722886,132.01498795165315
452.4770734446295,802.5138766553473,15.137744425163453
525.2717745397921,803.7244835094904,17.440642020711614
511.5101275147642,809.985612492345,89.24363531736392
55.888396755935354,806.8369324447951,3.532919221474459
176.68023532125997,809.3377539737382,1.4717129991742224
113.1044582084807,817.16177057825,158.17006151652768
325.5915063558923,809.7323415630607,35.458649464985065
564.919650660325,811.2447051534959,14.091747400510043
808.4144069140675,812.9743908104255,23.26334766355505
434.1478402985009,813.2366443438708,32.11785830038197
91.38519258781976,815.2876552913206,2.209164369457506
151.53591625339567,817.997948241884,2.63563252615732
305.95204746511536,821.6903653077885,25.726900043514167
791.5002565186538,819.9861588550432,52.34774479131909
849.0095534135045,829.4942245421062,104.83585104509147
904.5615753609019,831.7146462659055,191.79286388705654
147.20630843154927,825.1261897993672,2.9364075991916834
486.48391695382327,825.0306140995164,1.2134625444693894
709.4271441020098,825.557335803713,2.076635139803625
920.2876335348797,826.9561500997969,32.06767145907772
818.3743383850701,829.3582782307859,2.015537696833918
300.9952640493968,834.9931586570298,96.31586596325296
658.9029471242411,829.355957699897,0.9595627632088016
25.6892769013333,831.4930263577432,2.2779275215341706
384.39884593095957,831.4395302590831,1.9152362872547042
868.9599326581423,830.9487297943017,1.5048979726289464
61.991328142368644,838.9912210080844,125.44090627983387
456.03831494541487,842.481850134869,216.81438934390093
633.9238395250197,835.2313213168105,1.42545929944752
103.43106703585892,841.0028919326901,101.56123446218031
134.74331269457883,837.1578087546487,2.2417331420662645
167.4192506202148,835.9214540781626,1.774203602166476
256.87803088940024,836.0356299264571,1.7387147219928532
289.548504834124,835.9696491454803,48.80487290236287
322.0276792096657,835.9513612113034,2.4497953966027364
345.5271473862385,842.6281173532908,142.3347315810405
314.8282209018522,844.446008265779,12.481298192272568
665.6166336177356,843.4024785042241,1.9876838376463217
822.008553263554,850.0048757607074,178.88696889950867
999.3924610932727,842.380481336548,2.089346663622262
595.8661893288232,846.8397241314443,22.838806702709448
148.31108775367525,848.3108021601993,2.369055022849308
127.76632538813047,848.4348072219598,1.8124547203634047
744.8906666471175,848.6130537471671,0.6978858181741121
976.6041797871392,855.4658744216883,146.25186751740728
91.98988836455432,849.2923172902009,27.017212389255498
239.07759065930264,856.0723840199311,126.99985001110741
401.2882169202756,849.7246634815638,1.5420018571770961
991.8378845587818,850.5468997068816,26.75823689114438
786.0448676121091,859.1462109942197,237.90834214619684
190.1393926272756,851.111372632124,1.501413451618888
833.9189081141525,850.4959388828772,80.85911069573253
116.92147368026778,852.6456878794916,8.564356686450749
509.5354705006723,855.4290803887645,32.24130971872348
524.4021302941862,862.3273733603937,195.19333444095724
916.8924232215189,862.1091508631549,125.17430420349767
502.8382974467358,856.1721432716904,2.314046212667305
928.1704252959253,855.8107486180852,44.7548646952017
363.13099667654745,865.9181355582011,230.21353434418867
647.3736068504463,859.4047124775066,1.5322609254150579
12.887175293035822,861.31183035055,1.4235851075282682
944.9989067676948,863.7856088188389,1.480641397849681
571.8705946892417,864.4353222656989,1.5874830513885154
629.1871417868828,864.8360112525875,0.9153122705886874
677.1040920719131,867.6717943033509,1.1093800714090578
551.380381539699,871.6136027922017,1.345553549820772
137.81486813077015,873.0434450760639,3.7770189348207417
204.5636030145579,876.1358089896677,1.77641067189017
475.63734216071396,874.8799618024957,1.0939343528461694
838.4984903148402,882.3863660259942,145.91402044286616
563.0775100252508,877.3368984804464,1.547260516405776
911.9973802677507,877.0250399264539,23.810418175961193
73.96340548677342,885.4798701607818,135.10019710214695
432.4000871480318,877.8140281076678,67.13456876705551
751.1227660610942,879.4331682435436,0.9618103347224279
802.0484347606049,884.9496567761714,98.89398588569745
19.488986953093022,882.7492979385828,14.814881574142781
266.4266554984775,882.3450272332342,2.180825938828312
779.5047417233889,882.604398113855,1.764130352560527
606.345751560536,884.4570124680098,0.9887860468163302
707.9114386610967,884.3647262923749,24.7172511326228
290.1160681892172,888.1796449734106,1.2734494028839694
911.4115106126599,889.3933967624694,2.511759776311027
7.963062856160607,895.4559806681649,101.9672044756181
524.1973181151303,892.786568039908,1.0253939822635527
755.2746458913958,895.3089859362831,37.44503619932113
362.6053598146201,896.0883925198938,1.3324902706271191
768.6421408702728,903.4272400884012,193.12949681739312
794.6228861470983,902.3888722562008,110.76791326348327
671.4303013379046,898.3325747426101,2.3049230664629787
497.50114581304933,903.0602129988464,1.2719901701141865
290.80079273933546,904.6024522469994,0.9604631520680096
157.80513029548536,916.0786037037357,96.27734960959776
924.095579481628,912.013866453167,1.4866337524240882
348.27362749634204,914.340730017761,2.157320145414566
834.6714761526747,917.4435950958484,2.6570451797027705
62.50547531522472,923.9142403128809,116.97893117127575
252.08830353896835,925.0728312462497,126.01825615846795
649.9526147543507,926.0300267893235,128.50108367650498
384.63667176841557,921.3539449191213,11.49222981739197
406.40898339914935,921.6152859512445,4.162296847615102
940.5053939086439,921.9873050970251,1.625738827066302
271.7273356257317,922.5766733831355,1.3759456147250766
800.855970450467,922.408446362823,1.1178157012671655
762.9904300460746,932.993879309824,127.12890995703292
390.0059481886368,936.9990557363153,96.3510470484423
296.0417451322861,931.6933943316338,0.9064121244831235
490.64142810769954,933.2276799290271,4.164007291076563
881.4010905029426,932.402234239653,0.9884001434240509
362.42298300407487,940.5079653051172,109.27161647667461
539.9436787690399,943.9371919736736,98.1235007402723
779.7984716925376,937.5310928933237,12.785626210769044
156.10413148225146,943.8970102878826,125.73088356004881
216.0016307716127,938.5223771312118,1.090619267094686
10.700312169046317,941.8616002812593,2.297015878737196
713.6159733167387,951.9072650918818,157.16511589252713
975.7064941731459,943.0052727832626,0.9770835295834327
95.566102267868,954.5615773919817,107.24996844425165
528.716257368358,948.0129021212787,44.292309842803945
867.5325143105935,960.0293754850011,117.4952440926175
483.72362077364465,954.5240333572925,1.583308326512074
441.89170093696004,957.0978528363394,1.7555367073271944
552.542094930171,958.1785169564394,4.427137073411424
429.89267722737395,957.8546796892983,1.3868923724788698
654.2827770590372,958.9062859373342,27.34588888938834
215.83019474177797,961.3178113730966,22.852131338347892
975.0031469126874,967.0077105025315,127.1386842412507
180.6739435237143,963.1741170205863,1.7505486981162954
200.03806125971911,968.4646889189328,101.01295565953141
888.1219763014395,965.6128398949397,1.6444249704724556
1016.3584764038168,964.6294879713025,1.0171973441508173
224.06216526376448,976.016352939972,127.110834564652
38.32409062620745,968.3106994493716,1.077589951939654
721.5940467607735,975.5335257561892,146.4068354533753
513.0178224141598,984.0340266058281,126.390403512014
166.37205332450358,979.0680371385769,1.8407890842487447
83.68142613314201,979.9078970907649,1.4178538720312575
294.4465656203599,988.0562721538004,152.87114353775567
912.1790858564526,981.4698950109603,2.148104351678878
106.1475026140573,983.0974519660771,1.6524170649081413
787.899015342826,992.9690980988187,126.83425276502427
895.9119220742832,987.0597881279289,1.2525286438409073
338.51427506340076,991.4078882163811,13.710377744153263
383.29751845070246,990.4938660308827,1.4908951669587587
745.4154124454193,997.5010293981916,109.93618681829702
986.8763662307967,992.6470481832071,1.515578229279669
377.13223752375194,1002.1230697591681,1.3311128485038757
432.0057376932162,1007.9118498894163,95.10823192857042
983.1679506487881,1001.8371689787657,1.5462163808859777
484.71983810057617,1003.599354581505,2.1423118622948953
477.8628155960949,1005.6380164377399,2.1163887097801264
160.59101569880872,1006.7427762519415,1.4542294852968942
804.3463419006569,1008.3597269038833,0.9518842938664336
110.82475915408844,1014.1838948488445,0.720532820681415
655.4488581968699,1016.1235522386932,1.5694016053814048
239.881322090805,1016.5256349477514,1.0506126720842797
87.49934132921352,1017.9713331385096,0.6458965882294592
704.8424292061158,1019.9279712955289,1.0147930536638452
290.50135112966154,1021.2655401529101,0.598147557606481
297.2921593798972,12.468696167892551,140.62069874154105
312.23940192518404,13.210479229060581,179.61044456697005
722.5284765095906,60.406396315239526,35.131672598433035
731.1024312583162,72.95275163232556,164.23754833543765
999.4398813454017,70.1077893862527,242.11630157093865
1011.807638442056,63.59133966321695,195.64827110504658
1005.7954795027168,70.78448779078721,295.55005127096933
1011.7238822296225,76.3119536091316,212.09786703389713
740.7248317574433,139.34843851541606,38.410547978073524
751.9561738710833,147.04105882819192,126.95112168014863
726.6939719866574,164.82496268480506,531.5859353803208
739.6596535545757,158.91451672258378,496.4398116812413
733.018685679858,164.9844160475901,586.6993948856933
738.970239381364,171.33302499512135,494.1992516685356
460.7260935891725,166.22412476148494,172.90578855602104
472.486720873632,176.62431928648974,241.47950693343236
371.4425213265597,183.3667324023796,134.70117799487548
383.5602089188199,193.05617510709553,187.5943931509266
377.60943020670203,200.27491729391946,122.41220655198597
765.9529304647544,207.25426325127327,224.89407824118123
752.894033133596,217.26393329287484,608.909916493359
746.8678080695249,224.05765387796336,501.9821474127634
573.8051725559536,224.26578218504667,154.66650814495605
564.8369362199433,233.47242712104182,196.40988466101265
557.6313095702772,247.82967984008673,244.9485250184377
3.293312855451522,252.05407352295924,109.1552252844274
9.433092345474005,260.81228390248316,118.90649987599917
352.1372717626142,270.161351824389,133.50804051670005
341.81175911899186,281.26010572931057,139.8796458454137
402.9951072466402,273.00565892659046,150.22178102733088
417.4689354675142,272.96618139261017,146.8037718470346
484.57195416544926,294.59289214480475,133.44571196538283
489.9069132734926,306.12083891752445,161.98628819444568
476.91849116291604,324.00268539991805,167.3863141643449
629.0738373026762,299.8841003695671,276.14051358027274
617.0778084708834,318.8630321174481,130.7262301917218
650.0905662759895,337.85454351339325,168.36975889545715
598.4665517690656,347.7576506632674,180.99989210052337
634.2130399415981,344.7132052683011,259.6548290620724
662.8572120242945,348.67445104342085,190.7835354281723
628.6777525865622,353.955859565657,242.9221274706969
611.4198056219735,354.88175082815434,174.81606196116823
654.505716131648,359.2187517046754,187.05547504081832
676.4279250264935,360.8989200973489,211.60997999689226
508.1687621549807,343.7872757422561,129.6779730880095
503.3230648585005,356.93385309146726,161.6881714506671
164.96571956801196,346.8913493651471,131.99219211529106
155.02384948664775,364.93727839040315,171.85088268054062
733.2052416822442,357.75653754603525,44.5025955260249
720.8769367030591,365.6371912079483,213.16410386992408
710.8147292431909,379.5847672805293,152.99238474262344
730.0167025924259,392.5264048554768,216.37318257622061
200.53161465642225,371.4599619974628,108.52071448866057
183.01884466449178,382.01427270798445,96.36621169743032
193.03365624492278,382.3959521902856,94.01221288622551
584.963560828342,378.4084616706561,117.62349067975987
570.5203708548718,396.08478852092,155.43531800055317
282.2264134797351,380.6802259257803,145.8428983231595
271.16373407610723,391.31293825470283,187.05699468565763
273.67701048179794,402.8646946809228,133.30947954572923
482.0432070154385,389.9699063927021,125.1901461381724
468.46816266541606,397.53567300712706,123.71578334971576
492.1038195524405,403.98174070009196,126.91528746037255
357.7559832759554,396.0102612855272,213.35765742275325
342.50145567805043,404.0050741546725,251.90706373526442
350.5922951232859,425.1712898230451,248.83929272615262
333.0349339223693,433.2909485060285,242.23347065831558
517.0446805209324,393.0325863522989,104.67311134936232
531.0320184670582,403.537690378901,122.54499347109815
418.13520994858413,396.71411509339094,146.84731105747713
435.37259684914943,403.29774885189937,211.79402917109263
418.9153591139403,410.30435968121367,235.07493696725666
439.64692658992914,415.5208662893242,212.7122556613212
506.51512104205915,421.58461840433614,148.77282135352266
591.8617174647591,419.8779331422573,124.12053181237475
414.1780113284472,423.4275468026104,150.59887116040323
439.5490818889415,431.0502605362375,196.67224225990225
450.6113643783657,432.15241352436885,198.7852535056205
584.6513954315986,434.9599817396318,207.27791190104415
511.3938047571924,438.89184625270684,165.284579403075
594.9180236349911,436.3216190146309,265.81454064309514
635.439828783527,441.27330067907013,246.23518141777947
614.3988547768004,441.3649188933436,170.6496595950711
497.03490890779113,444.41789927238585,126.61786469078238
527.7937884373268,442.5849172011019,180.04358521136822
588.2118329800815,448.5379090635171,267.0699041403933
459.92914429442004,447.9753133768138,217.66585155536376
415.04657637039037,454.1854121043249,186.18575655107728
439.60963262202347,450.609763073478,243.50530938123978
523.7168950129043,455.36435066795235,176.67471654410144
508.1450662711477,464.84197818604076,361.19841065761733
570.4455572809012,464.97005495132106,265.303584733981
547.4023601884205,464.397301936436,226.17046424260963
435.23052488488366,467.29332722486157,200.8184806195988
467.06076219189373,465.1223372528735,257.4660279518876
586.6535116330473,465.5056223292119,236.07167376311844
591.1271811204168,472.65876767799494,296.22377766636885
449.52342210063534,476.8435124331918,244.74149034285202
474.4734689851416,476.9632733457412,293.9890321399324
495.1639952582304,479.38022505966785,349.6952383363646
546.7537884459147,480.11629859966484,256.0619571271068
431.96114675932154,482.24088332624564,279.183803948891
585.170495383206,483.8833062297955,336.8547934556879
627.5524955572085,482.2161859756755,168.94772947732247
438.4124594798933,493.4262810958453,293.9067511603882
498.1042248127587,491.2173880903626,302.5058193222865
524.7444211747585,489.6604395052013,219.418832036777
615.6276461616387,492.1622051860464,200.02968533314794
554.0873832697163,494.1555629180052,312.8487025860958
510.4758905706061,497.6994648305673,282.79280912657117
418.1489946725017,499.0732239441918,122.07615413550327
458.3257472849154,497.4817198937324,201.60844235895578
533.238832980845,501.3195869705233,248.0479968051757
480.0428823748796,505.04883203284163,115.91155406781576
545.6247297147352,506.92301463095464,239.49634378140803
598.7094195116978,503.84302249753927,294.57449525065454
568.0379575041718,507.60040691158093,201.15117125710634
522.3108505084775,510.6203600958014,240.56336291119632
505.850248864435,511.39840090136664,235.1312057307978
445.71339006132655,511.9312994909555,277.72630083923474
587.7872023237571,509.9839356129497,822.057851957309
610.5997883366698,519.6164194364176,282.9235313409132
592.5111552912407,519.7294777021425,1024.8348295367714
513.2517397127002,523.0422242153899,178.879398005096
671.6911894935762,520.1999474088558,205.6190668258065
460.5954621949571,520.8781414149358,225.0472021601146
436.3594738200131,520.6875184049956,258.5725612171293
480.76891711102405,522.2639396763769,193.63480688388492
656.5168078772344,522.3121409527148,212.75734074129656
576.1671598638424,523.4762575111806,226.30104457458927
637.6007751635522,525.156611257938,189.4673311710777
429.48012599509707,534.9530043317015,214.86392498564302
450.553130385974,528.2499465750132,236.51313665708724
536.1325899027474,528.8524351726404,217.26613180117656
552.0003357427246,530.3524981686854,269.44826588754427
622.5262691001766,532.0608277207599,300.9844253283735
569.7882023181473,536.2084267692362,238.96594831765088
648.9014478350606,535.9501658402431,197.8667304780993
488.2330092793785,536.7064039127242,173.1895408068162
511.77575441151987,541.0391734276475,229.76178524839077
678.1456022072263,539.6750536063756,154.71828364713977
444.61232644029747,542.5080759247215,241.9442891943818
590.1299707077623,544.4550372622602,309.074160636423
526.2256401870203,539.6592745775745,239.2327292701579
535.0017290869897,547.8651180794792,254.6732302842589
626.8361131197568,546.3049556665537,210.0622823217948
661.2165157313158,554.084569091899,200.78364982011203
503.5639076659072,550.7602748813842,202.81171686316165
419.7634534992155,555.0162212349929,187.23412910364712
522.1808024930037,555.7777110426694,300.86540931159277
543.164665311113,558.4378152782715,225.1916786430339
576.5272098855233,556.6762496346543,182.399362458541
508.486969419395,558.884311186099,291.0897311821782
608.7221434973701,559.4484240052006,221.69362252940755
438.5842533673706,558.0089135197012,150.83317396567796
589.1514319562235,560.9502350249694,220.58203969387284
642.7540142172497,565.2853436144652,171.19059913938534
532.4338323710576,567.5097073135253,271.6933843603229
512.9956524802233,570.600547393893,285.91450772994295
558.8999527069683,570.5646294199444,198.68703395938056
500.70777980349396,577.2844152955337,206.45026027695152
585.1095895463915,576.8927657891403,185.1939840282792
519.182519118563,585.0741554460783,255.77467081480887
660.921981235699,581.5575824343321,183.09846892890755
543.9716449755931,580.4402885254962,250.74123592198222
489.34825511761056,584.629890913791,151.99214650444966
530.1422347616901,585.8017660295128,273.2116706707495
554.0857178657656,588.0856288819315,275.8140253448376
612.5206636437409,585.5210753772844,252.28312113958242
591.9664011837922,587.5313589717949,258.71205522997616
600.8409147587212,582.8955028762902,317.4408962592802
638.1392314191281,586.856944108809,304.5008041146429
647.9449637193308,591.795046479873,302.2765016522676
623.4595098961671,592.699562978672,265.3893884280701
538.3455967276242,594.0914366156978,264.8812545839139
547.564660299137,602.1417800765282,231.66751957068536
565.047389311949,600.5769202000914,205.12701566779924
627.0746499002786,605.7165245227333,245.07744319394274
611.0808441034806,605.6142523612823,172.97628485890547
533.7810344194663,607.9354349450539,214.76312971417653
527.340511136369,620.1105080214403,132.22536128193534
503.30498773163487,624.2429763531786,254.03855440884055
546.6299228670628,627.421847762551,254.94379502501795
560.4933455179548,626.7871106966365,253.19408116111939
582.3249373410981,630.46536231305,243.82622176420372
513.8690471758205,633.7357289065889,208.0130596446036
568.7817881206099,639.9999421420697,299.5829024581501
503.3675802885495,642.006117603845,243.88734166251132
661.6711304065776,644.1577469721284,217.60476728672023
535.9985053157898,650.2858777495449,265.69335095603805
648.0831178331808,653.1412901633215,192.6039543543334
557.8033320040455,654.6419714036715,227.24596356092206
501.65769794587965,656.4851797660903,203.5181699187895
665.2884206695553,659.1495701334155,200.60105115835816
577.4524751517355,661.0287162094464,273.2748012261363
527.7315378440305,661.8268180245343,207.17484486934754
593.4417351405117,659.4959648995235,180.77115925147103
630.4082276365467,663.670041751124,202.8222734466838
564.117679704626,668.64179914366,261.1549455482599
607.9370196446506,667.0674674012719,197.79717516548843
618.6994685933203,667.8497013805809,250.49697757992297
493.5123502811496,669.5577311852192,209.42667786544504
541.7284006680526,671.7111348259297,212.4772373202228
502.73494666210905,678.2315820055973,208.38869571619745
624.1722855079958,682.2648241812591,188.6069877529194
590.6931645925786,685.033424215161,177.16407409948343
547.5918580146437,688.5658225253775,218.0734405271243
567.907775621498,689.2122093215767,253.03752323255682
484.8819811722363,692.3847282272083,184.25644341379459
842.0443552265988,400.5241885258881,137.6457673537316
830.5086478255395,408.905425236058,54.154472603532525
697.462149061453,406.21072400790797,131.95257711074225
692.0133673625648,416.0684399063819,140.4312300125284
162.30631475243732,432.2490418962986,124.0832054374383
171.46693827077976,446.6070964125983,169.55724576129404
546.5365758026638,431.973589510836,117.26922932402911
564.0350517150051,433.98526004060176,171.49022172060327
724.813048843758,441.0039501334662,216.88335506649744
694.4911348046047,443.3355484700473,187.986382864585
708.8078430103167,449.35924756969206,160.22689561103968
668.6140041579002,446.06513418858475,152.93375743273353
681.5577126558326,468.04974161040303,168.94384119745226
694.6007153181793,486.0293628038332,117.53632632149828
673.4532686266216,483.84398006791855,20.865483428125106
810.1667726107579,465.9940934291604,150.5367037988791
795.0915986503487,468.48662480472296,158.94138728177523
301.74523193912177,474.8954497444419,211.0572593526332
292.11391055617366,477.6989459523788,266.1683645735456
283.74922248490986,486.79533020792684,187.31798736077076
362.91014319984106,470.9025547063976,36.75061006760342
354.4594797347545,482.3251479317675,175.77051242331115
366.47770749314867,484.3721823062055,96.01401252903004
355.1450310197707,496.7323977488898,222.152605904456
342.0614789316029,494.7137254645118,82.73429179060511
362.9750707837834,510.2642481358303,221.25539938038384
378.17055002010756,510.1994234397994,188.85359942270577
370.27529249501623,526.8408120020867,206.78827750645328
716.6836806169343,495.19413016150395,220.80661787292667
713.4902562871011,512.4880928616076,268.1189939798495
197.0303553036624,510.6227939947546,215.7811460964804
190.53264535763918,517.6703592733114,141.60157101221165
824.9356960217111,512.122220846849,170.76867234071315
807.0347121674856,511.9696003507305,142.14992737245453
757.8512648243659,519.7531049566828,125.7409363140959
749.791091544225,530.7818014418194,125.97764075722196
330.2758111937645,523.6042844573686,153.5833692981331
326.6434759527721,536.7778350251599,247.91574318063752
393.600355018084,529.5310375494548,152.8572111513097
399.6129017192962,537.7428635463309,163.91469678546136
379.4055640213494,546.6093696808452,145.0347248371951
260.4698663760783,531.3909351827162,123.55336338247388
247.84019401561665,545.7009395112523,219.81611571995023
260.88212898086687,551.3925170447419,197.556872708761
467.5341327203794,561.4343461623275,139.71355852813764
481.5298581475004,565.5778597256897,137.68029923336732
453.44707008227084,576.0945500589496,153.63370822279816
352.0729061579277,562.1968796028611,157.01547911941392
348.8073702038038,575.855394707207,258.3246483655127
336.8625849427761,577.4451474826539,262.008275715265
318.8078721438384,588.2996044270195,192.26190459132854
329.1866630974817,592.6955721945465,191.60068505195852
93.87816411332145,566.379100812474,178.38899673448918
77.51991242503426,578.9359798735046,177.56872802075563
728.5122087923129,564.7054819756628,201.83595903059927
736.0291916420098,572.41068837367,280.7593727983914
754.8286433367109,585.2029424603937,152.57341835305266
734.9572204478457,585.7499634805365,206.16680519985775
771.6049745232036,595.5040670592467,121.042039715409
825.5072409404911,567.0402024097489,151.09158061162614
836.7170400289116,569.6443779327591,228.6405426273161
844.4877728501351,576.21757347861,161.95251629049957
865.5827198941408,571.4982185772055,124.78242325755363
880.9726526781908,578.4039866486103,127.50066911562982
210.47304661902825,579.052393557664,111.6111402668971
218.0629966899005,596.4977689750757,168.82395744151862
372.030004729416,595.5602417821154,125.48850486770397
359.3068773920206,602.531567571859,224.08452739622786
347.5888141514753,609.8309912165771,216.81143658915568
358.34997358622877,615.6592670725746,269.5526856179423
374.4231529995878,614.002645449262,130.46100087303657
347.9356841963767,629.1242615191887,187.54386423431427
463.2797295558897,599.5423219569257,176.77383574617593
474.2011560505644,608.0004588824204,207.72467909456645
407.25756304271647,609.9967284869515,202.39125033458288
421.9882187980314,609.3529279690301,173.0410220712448
451.3260657510083,610.8854890049199,218.45527570131267
437.8583223904586,618.2136987131969,234.51984877933987
471.3375243469882,627.4418986019734,278.02698635114444
446.66806574798255,629.7423642749795,264.171854132556
406.9916369944218,631.8080080923875,229.6348922881533
418.7198997893752,633.9248024783071,243.1804627846312
480.224459178127,633.7984976520609,217.2934895164626
478.69298667004017,646.2308533016492,174.11922471949202
416.9001275124953,656.5562866051407,292.7541099849004
463.75356130670394,655.901838412636,197.78211892862885
442.4484116719713,656.1512655930638,178.10081422826335
432.28986243788927,661.2968533236084,233.19046004276714
470.6790941124748,671.1233437182602,245.56635217302565
440.46127547491403,671.9366882336797,201.2040858058346
419.99469356911914,678.5605302333616,149.35364355725977
456.7107464288325,679.7940879816159,204.7903131367779
452.42643179347937,693.0976645662469,218.53461628429915
432.00118346448164,693.4308190045776,111.15518045897281
465.2232015984507,699.4780827451743,142.27447854707455
846.8853169321035,602.8970212170298,217.2468426375934
875.1364089887278,606.9218312975158,169.22313128668625
858.0081497257821,617.8483201076509,182.2693824918912
248.59323384973868,614.5258437620827,144.66799363014684
240.04166159309634,625.6776149021254,39.72703137769381
308.2932961483802,622.1520300800785,153.24147816382072
304.87077920490844,634.6890441518606,152.28618097080854
628.2460239390795,630.9943074183552,268.82632207275395
642.3923199300658,626.0747843512472,142.77499853792605
713.5496211805078,630.0388591108092,136.6616372064101
702.94606650616,639.9156792898178,34.57518812119122
57.0461160911952,653.6074796601256,102.61641048068297
69.58356294804751,656.8937078280292,38.75725293269016
743.0900362221205,663.4924847252673,212.69796430155873
728.1005588720957,666.1319313182718,184.858873706407
715.0757560331941,681.5791190288676,146.82677821467846
725.2105318558355,690.5955295128783,183.70729812897883
706.0008375443724,703.8810084355683,166.06412444952812
148.9819496697926,667.1057648615187,130.95221649165524
141.73862484633435,677.3335966825586,124.83707562288288
332.779402156649,669.7719698288287,171.08624975082594
341.5008356174655,672.9391660367663,242.08548471656297
345.9711736491797,684.3593058711757,224.36505238060136
35.072139932338814,677.2454450499084,160.4391527962329
47.68986633074768,683.6506457974535,137.01208650921882
665.7014973943126,681.9413293185471,243.38774412126057
678.1752382591123,682.4970447013156,214.50329349158977
882.1110714657736,684.2437742882205,255.8124658919222
893.4551252565634,696.2804574624969,139.55727761880144
805.7954494164225,682.9798677762657,168.0450742050829
824.9453198136238,695.0708536492604,167.01024418937533
746.4906831319603,684.7622925555982,144.8951904291305
750.9259073918648,694.1613841928807,258.2409083823432
762.6532279571124,694.2048540563346,209.32303682875286
751.9977924740355,705.6589357045904,232.42032205715154
766.0700945636859,709.6876446389733,174.65741049390152
365.52099940198195,695.5072593624432,141.61147851044765
390.3692080132413,699.8381045396018,161.78993148028076
381.0591961267512,711.5056886561647,219.66242180701616
387.03057611696204,721.8772371526927,151.56903763022328
656.9425021405136,703.9380132720366,129.33156479343185
646.2456922831434,712.4616480911805,38.33908975197906
601.3680457880331,704.1616273055105,154.78172167088837
605.3254690699134,713.1163395124936,164.66542519834516
545.65950265183,710.8537276529779,134.16133462393253
558.0107727810574,715.7131434288109,186.08205398816798
543.6929865042749,723.8519490266996,108.16075650662029
554.5497025662297,726.571793004761,200.9756555648539
570.0591498095338,733.129212978645,194.48073886098072
311.01403794434185,723.3271311648123,111.60441217650268
301.9984570434014,738.001155941438,119.68215601304078
293.86708358809307,754.0708567477386,168.77012468691984
501.7727229715263,728.3887992411805,282.8959703436427
489.70927717347456,731.758085202986,244.5044255511332
515.0435219396451,739.2955262756983,171.98624212290426
534.2197666240381,740.5255167275002,185.34371529579334
534.8842560409389,754.4380878559948,238.23748547597714
538.0433979306204,768.9565750817243,237.070398515109
577.8180996814632,769.7576679303818,185.90216364386896
525.0087182660909,778.6577773774432,215.78684152867856
559.5539398135375,774.9959072368918,210.75210745635556
540.4445740322727,786.4848731480448,224.32890778485148
561.4605871622101,787.178373356804,158.28628018945926
786.9965480959323,727.0025298347355,125.08145283110873
786.0040794758463,740.995964890628,125.04876787798793
468.42103516956814,737.5021149092203,135.60594458469052
452.93217757218014,742.3096704143481,161.4439621719656
464.10486065303144,755.5122260585528,134.21064009197048
869.1166629421127,741.2606802827368,169.00502167633047
858.4755994040331,753.0716780841202,54.273035291700964
873.7905850322314,755.028396417341,165.67392035864793
823.2223979527306,743.8923507539893,131.9736119899404
810.1649951570807,748.7921480573219,163.88092776029305
421.316847847649,747.3743185738917,154.48393187275053
430.8455658103033,754.52686623848,233.3033504988374
413.6953741511144,766.3000970484843,230.39192788975075
431.20191924137447,766.1047804089335,239.0926824359982
925.5406780951218,749.8154445590163,3.026784499587541
920.8562875883858,754.314409259757,2.235829766468842
966.5947796068834,765.5313123756466,147.64625406053304
980.5889904737152,781.592912100934,192.7701689514298
215.44605868469634,766.9945515505777,151.13712129051842
205.25428470558353,783.4174457961859,180.81119360680134
203.1283634672367,795.3339432291167,210.1534627318451
492.5383396077232,772.4543865161756,112.35894944753072
506.9791734636179,784.4697903943601,102.523764943307
341.4594280323056,774.3834937030188,159.94081873756718
347.8244092073785,788.4597214148449,188.93312984161457
356.7248853916326,796.7816891545456,165.0451582360771
363.50991509327656,812.59462966146,120.48408281896042
770.3007892081644,782.742380036107,203.41740719305386
780.242156374743,788.4655435358347,179.88996874530417
935.9508277683448,783.5537932825488,175.09281939064192
949.5057066677826,800.9939795657717,90.08718099475055
318.2655369275065,787.4275653882331,150.77926301662333
331.04279550250294,798.0600484812493,120.48207555999045
29.348723520400227,786.9981985360898,131.08622959094066
43.66650942122236,790.5878665137532,162.56329323716824
646.492585495775,799.5007932751961,111.67824235592724
632.4991172825754,813.4954462116351,112.97726275352731
586.9259839649583,805.9971493953844,172.96555905074646
580.5331695351105,814.3550155787083,168.70488130563632
604.8363585821775,816.3221131618243,196.30596489432455
592.538587901926,829.9130125194827,229.14331687868605
17.574098618392092,810.501899756077,144.282817287743
5.485690042394833,827.5068828229801,97.13708329553089
778.6556040437167,820.6094322510143,163.50670462913428
776.0242718118229,833.3169868470474,137.69984185351512
446.3490137832972,822.624802101456,151.4364909162952
434.87572639056407,836.701585318558,160.66288711750934
426.42558644995444,851.1068222934858,149.42566812043185
445.5261589948654,868.0614977795638,145.74718511554806
443.9834980202291,881.4399728275943,157.6500880330477
31.87314947065351,868.8629460769938,112.9984332841274
40.46519870053069,880.2064280357862,108.9528074794508
155.70901974651812,879.6648283243524,143.76784016917142
165.18589369372597,892.1833868369052,155.54794983779593
392.76443006523573,890.7968967775956,172.92373392954778
404.280700377154,902.7860916001907,150.55690485209632
715.8748038719777,899.4076743448677,179.27650643770053
708.1477752683157,916.7459633385592,198.41897373819918
608.1196778050763,912.9009313765716,201.41056950798495
624.7783873877374,923.7903592514716,201.87922198456297
197.89031531678123,915.4064458282935,228.22600113845783
191.54386617065933,931.8369956675381,146.01717411142337
464.05133607601897,914.95062533956,141.13397238500164
470.0378864262182,923.786474166568,206.19732505283181
470.7389547610569,934.9382867063157,194.56101635773848
680.5411999317744,920.0337072552476,112.76404936038868
671.9261813113544,935.5129019920896,124.71827635123402
136.941167437066,926.679518035545,150.95653750235346
125.60880206472923,930.7854060244422,170.43934901581756
111.82994937162049,938.5551795331932,160.93479468471887
559.8163955126296,933.7905410602463,166.75427787366402
567.1070311481212,943.1906888757156,149.56661577740627
665.9308827401973,971.5984114037207,217.5192936128183
654.4690284188478,981.4823418332746,153.97943430166433
952.5327329092993,990.7944228737172,45.01129501618328
946.4999901246849,1001.002625220949,102.08485798592046
344.740788217688,1005.9065279840291,160.833904137545
352.1330619993995,1013.4657169533475,178.44307343715928
